user,pc,Rapid_file_access,Out_of_Working_Hours
861,3881,1,BENIGN
3773,3865,0,BENIGN
3093,3575,0,ANOMALY
467,7185,0,BENIGN
4427,9656,0,BENIGN
3445,6741,0,BENIGN
3172,1277,0,ANOMALY
2920,1065,0,BENIGN
131,5262,0,BENIGN
1686,6704,0,BENIGN
770,9594,0,BENIGN
2392,8989,0,BENIGN
2434,7255,0,BENIGN
1185,8441,1,BENIGN
4556,5692,0,BENIGN
3386,5419,0,BENIGN
4118,8960,0,BENIGN
4844,7078,0,BENIGN
2905,2437,0,ANOMALY
475,9620,0,BENIGN
1083,8032,1,BENIGN
2559,6731,0,ANOMALY
2048,4378,0,BENIGN
2748,9584,0,BENIGN
976,7347,0,BENIGN
1807,7401,0,BENIGN
190,7629,0,BENIGN
2735,5541,0,BENIGN
3006,8876,0,BENIGN
4659,9533,0,BENIGN
1900,9324,0,BENIGN
1268,1264,0,ANOMALY
1529,2434,0,BENIGN
3203,6327,0,BENIGN
3557,6097,0,BENIGN
3891,2660,0,BENIGN
647,6692,0,BENIGN
2889,3354,0,BENIGN
2436,9457,0,BENIGN
601,7461,0,ANOMALY
2364,8044,0,BENIGN
2062,6497,0,BENIGN
242,5549,0,BENIGN
2042,7334,0,BENIGN
2825,7010,0,BENIGN
2613,5926,0,BENIGN
1364,7065,0,BENIGN
1479,3179,0,BENIGN
2557,5967,0,BENIGN
776,1634,0,BENIGN
4015,4631,0,BENIGN
35,5677,0,BENIGN
3153,3218,0,BENIGN
1956,2389,0,BENIGN
1586,5276,0,BENIGN
3944,2249,0,ANOMALY
3074,8640,0,BENIGN
1022,6712,1,BENIGN
3462,2245,0,BENIGN
2614,9245,0,BENIGN
3844,1442,0,ANOMALY
1501,7976,0,BENIGN
4799,5675,0,BENIGN
162,8953,0,BENIGN
4298,5377,0,BENIGN
1982,8058,0,BENIGN
996,1822,0,BENIGN
4912,3939,0,BENIGN
3343,8096,0,BENIGN
4552,6765,0,BENIGN
3799,2031,0,BENIGN
1276,1562,0,BENIGN
1017,1340,1,BENIGN
338,5567,0,ANOMALY
879,8862,0,BENIGN
1077,3296,0,BENIGN
4888,1234,0,BENIGN
3994,6202,0,BENIGN
4860,2291,0,BENIGN
380,5727,0,BENIGN
493,9720,0,ANOMALY
2063,3939,0,BENIGN
3885,6435,1,BENIGN
65,7981,0,BENIGN
2569,6392,0,BENIGN
2028,8972,0,BENIGN
2696,2233,0,BENIGN
1496,3800,0,BENIGN
392,3775,0,BENIGN
4515,7044,0,BENIGN
4475,4487,1,BENIGN
3562,8383,0,BENIGN
2279,4850,0,BENIGN
3100,5997,0,BENIGN
201,1890,0,BENIGN
4876,6920,0,BENIGN
3105,2188,0,BENIGN
4599,6644,0,BENIGN
2455,1740,0,BENIGN
3646,2369,0,BENIGN
805,3000,0,BENIGN
2732,2471,0,BENIGN
2774,2536,0,BENIGN
1571,1318,0,BENIGN
2691,6153,0,BENIGN
3841,2894,0,BENIGN
1029,8991,0,BENIGN
503,9592,0,BENIGN
4494,6935,0,BENIGN
871,1723,0,BENIGN
4489,3329,0,BENIGN
207,3770,0,BENIGN
1485,8545,0,BENIGN
864,5846,0,BENIGN
2791,1267,0,BENIGN
564,1569,0,BENIGN
4192,2973,0,BENIGN
1758,9737,0,BENIGN
1679,3822,0,BENIGN
3243,5460,0,BENIGN
4637,1270,0,ANOMALY
1060,8641,0,BENIGN
1723,9930,0,BENIGN
3315,7680,0,ANOMALY
3158,2257,0,BENIGN
2626,9250,0,BENIGN
2730,6370,0,BENIGN
1598,5858,0,BENIGN
3061,9581,0,BENIGN
2694,9910,0,BENIGN
4892,7999,0,BENIGN
3628,1120,0,BENIGN
1364,7908,0,BENIGN
1982,3303,0,BENIGN
1664,5861,0,BENIGN
1530,3911,0,BENIGN
2039,9991,0,BENIGN
3303,8236,0,BENIGN
2238,6565,0,BENIGN
1307,7531,0,ANOMALY
4030,2109,0,BENIGN
2676,7929,0,BENIGN
1283,2250,0,ANOMALY
710,9177,0,BENIGN
4745,2649,0,BENIGN
4414,8351,0,BENIGN
3749,6911,0,BENIGN
4780,3956,0,BENIGN
664,6828,0,BENIGN
1999,5994,0,BENIGN
3446,7436,0,BENIGN
3744,9676,0,BENIGN
1496,8614,0,BENIGN
3305,9994,0,ANOMALY
3764,2715,0,BENIGN
1854,9150,0,BENIGN
4660,4483,0,BENIGN
1292,8675,0,BENIGN
3582,2757,0,BENIGN
3458,2809,0,BENIGN
1637,6539,0,BENIGN
3697,7048,0,BENIGN
3000,2151,0,BENIGN
3153,6492,0,BENIGN
699,7711,0,BENIGN
2161,7302,0,BENIGN
4098,5747,0,BENIGN
4738,9402,0,BENIGN
855,5681,1,BENIGN
3475,3507,0,BENIGN
1708,3963,0,BENIGN
2778,4428,0,BENIGN
1734,8494,0,BENIGN
4932,4955,0,BENIGN
3511,4705,0,ANOMALY
203,5038,0,BENIGN
3256,1713,0,BENIGN
4219,8260,0,BENIGN
4497,8011,0,ANOMALY
767,9879,0,BENIGN
4390,9521,0,BENIGN
2328,2746,0,BENIGN
2932,2207,0,BENIGN
198,1784,0,BENIGN
1931,3696,0,BENIGN
3583,8073,0,BENIGN
609,6036,0,BENIGN
3273,8127,0,BENIGN
1148,4718,0,ANOMALY
4283,6775,0,BENIGN
3398,8910,0,BENIGN
2512,3693,0,BENIGN
1795,1625,0,BENIGN
660,4708,0,BENIGN
2812,7859,0,BENIGN
1370,9953,0,BENIGN
1987,8692,0,BENIGN
147,7398,0,BENIGN
3220,8252,1,BENIGN
2912,2555,0,BENIGN
1735,9867,1,BENIGN
1844,5187,0,BENIGN
489,8767,0,BENIGN
2977,1036,0,ANOMALY
1960,2787,0,BENIGN
2386,7283,0,BENIGN
2920,9060,0,BENIGN
4737,9065,0,ANOMALY
1803,4880,0,BENIGN
4062,6932,0,BENIGN
3370,9328,0,BENIGN
263,7333,1,BENIGN
624,6759,0,BENIGN
1017,7485,0,BENIGN
3644,6067,0,BENIGN
4977,1661,0,BENIGN
2050,8973,0,BENIGN
3724,7386,0,BENIGN
4549,8887,0,BENIGN
3109,1414,0,BENIGN
4091,7850,0,BENIGN
2057,9534,0,BENIGN
3171,3729,0,BENIGN
1683,4897,0,BENIGN
2256,3169,0,BENIGN
1155,2878,0,BENIGN
4500,7454,0,BENIGN
3192,5570,0,BENIGN
1697,2515,1,BENIGN
3992,1574,0,BENIGN
4724,3867,0,BENIGN
4683,4544,0,BENIGN
1649,5477,1,BENIGN
1446,1071,0,BENIGN
4200,3980,0,BENIGN
3924,6492,0,BENIGN
254,5759,0,ANOMALY
3184,9084,0,ANOMALY
2558,1039,0,BENIGN
99,6373,0,BENIGN
2201,8565,0,BENIGN
2962,2900,0,BENIGN
4974,3217,0,ANOMALY
4434,5796,0,BENIGN
3778,5606,0,BENIGN
2870,2283,0,BENIGN
3235,9775,0,BENIGN
3792,9650,0,BENIGN
957,1815,0,BENIGN
4068,3511,0,BENIGN
161,1246,0,BENIGN
4494,5825,0,BENIGN
1301,7516,0,BENIGN
4912,1416,0,BENIGN
3988,7702,0,BENIGN
1528,4717,0,BENIGN
1219,1107,1,BENIGN
4497,5513,0,BENIGN
4736,2421,0,BENIGN
3105,8283,0,BENIGN
2736,1255,0,BENIGN
4556,8248,1,BENIGN
955,3962,0,BENIGN
4566,3282,0,BENIGN
3447,9744,1,BENIGN
1046,9372,0,BENIGN
1694,2477,0,BENIGN
3437,9762,0,BENIGN
563,5952,0,BENIGN
2486,6880,0,BENIGN
3355,6592,0,BENIGN
226,8091,0,BENIGN
4894,1591,0,BENIGN
960,7277,0,BENIGN
4549,3260,0,BENIGN
3068,1347,0,BENIGN
816,9357,0,BENIGN
4755,6032,0,BENIGN
4643,5443,0,BENIGN
3121,9774,0,BENIGN
17,7869,0,BENIGN
1244,6696,0,BENIGN
2206,4038,0,BENIGN
2525,3845,1,BENIGN
1070,8864,0,BENIGN
3445,7609,0,BENIGN
2566,2265,0,BENIGN
1061,3274,0,BENIGN
2328,3470,0,BENIGN
3421,3577,0,BENIGN
302,4660,0,BENIGN
4277,2068,0,BENIGN
607,6591,0,BENIGN
3171,6974,0,BENIGN
700,5829,0,ANOMALY
1140,2950,0,BENIGN
191,9283,0,BENIGN
2301,4093,0,BENIGN
981,6311,0,BENIGN
2976,2387,0,BENIGN
1185,5274,0,BENIGN
3328,3285,1,BENIGN
3395,4206,0,BENIGN
128,3924,0,BENIGN
2066,8045,0,BENIGN
1817,9471,0,BENIGN
570,2618,0,BENIGN
1896,9562,0,BENIGN
2734,6896,0,BENIGN
3864,8843,0,BENIGN
4722,8063,0,BENIGN
4015,9495,0,BENIGN
2902,2348,0,BENIGN
1687,6556,0,BENIGN
3010,6289,0,BENIGN
155,3422,0,BENIGN
2538,4628,0,BENIGN
1410,3428,0,BENIGN
4058,4033,0,BENIGN
785,7157,0,ANOMALY
3176,9860,0,BENIGN
4342,9691,0,BENIGN
2807,8813,0,ANOMALY
538,2414,0,BENIGN
1842,7708,0,BENIGN
2456,9721,0,BENIGN
525,7635,0,BENIGN
2951,4621,0,BENIGN
4132,6315,0,BENIGN
4781,1754,0,BENIGN
4116,3347,0,BENIGN
2369,1726,0,BENIGN
3848,5923,0,BENIGN
4496,3649,0,BENIGN
2702,3815,0,BENIGN
972,4279,0,BENIGN
1167,3984,0,BENIGN
4930,4807,0,BENIGN
2775,8876,0,BENIGN
1983,7099,0,BENIGN
854,1607,0,BENIGN
4147,7169,0,BENIGN
3737,8790,0,BENIGN
3770,6573,0,BENIGN
575,1634,0,BENIGN
3262,2074,0,BENIGN
1149,2914,0,ANOMALY
1716,1588,0,BENIGN
4778,4231,0,BENIGN
4934,7351,0,BENIGN
3855,4838,0,BENIGN
2492,2973,0,BENIGN
2661,6044,0,BENIGN
3125,7103,0,BENIGN
3052,7683,0,BENIGN
5,6837,0,BENIGN
4870,7783,0,BENIGN
877,6594,0,BENIGN
992,4822,0,BENIGN
4143,4389,0,BENIGN
4365,6914,0,BENIGN
4466,2780,0,BENIGN
636,4688,0,ANOMALY
1694,8211,0,BENIGN
1683,6037,0,BENIGN
4753,7319,0,BENIGN
120,9640,0,BENIGN
831,1081,0,BENIGN
3676,7278,0,BENIGN
1370,7999,0,BENIGN
741,2406,0,BENIGN
117,8410,0,BENIGN
2839,2480,0,BENIGN
1151,4598,0,BENIGN
1932,8993,0,BENIGN
1013,5183,0,BENIGN
1665,4680,1,BENIGN
1082,8644,0,BENIGN
4730,5310,0,BENIGN
513,2758,0,BENIGN
2850,3599,0,BENIGN
560,6616,0,BENIGN
3673,6813,0,BENIGN
4584,4853,0,BENIGN
4993,3292,0,BENIGN
3344,2501,0,BENIGN
4071,9422,0,BENIGN
4800,8550,0,BENIGN
1471,5250,0,BENIGN
581,7991,0,BENIGN
2295,1114,0,BENIGN
3148,5406,0,BENIGN
4250,3347,1,BENIGN
1680,2041,0,BENIGN
3507,7927,0,BENIGN
2745,1011,0,BENIGN
3357,8980,0,BENIGN
4046,8871,0,BENIGN
1244,7375,0,ANOMALY
3119,8098,0,BENIGN
2142,4676,0,BENIGN
3060,7109,0,BENIGN
4549,6397,0,BENIGN
2960,4065,0,BENIGN
2266,3036,1,BENIGN
2480,4046,0,ANOMALY
4647,1540,0,BENIGN
1636,1076,0,BENIGN
1758,4067,0,ANOMALY
4453,1023,0,BENIGN
2071,6134,0,BENIGN
2850,1675,0,BENIGN
3252,7668,0,BENIGN
3731,5267,0,BENIGN
2490,6988,0,BENIGN
1632,8652,0,BENIGN
2817,9680,0,ANOMALY
1016,2485,0,BENIGN
1349,4659,0,BENIGN
4612,3419,0,ANOMALY
3088,8740,0,BENIGN
2840,8143,0,ANOMALY
336,4495,0,BENIGN
4593,1756,0,BENIGN
896,9448,0,BENIGN
3547,2779,0,BENIGN
852,7487,0,BENIGN
1688,1258,0,BENIGN
1932,5075,0,BENIGN
3747,9498,0,BENIGN
2428,9014,0,BENIGN
1569,2118,0,BENIGN
4001,8631,0,ANOMALY
2739,4017,0,BENIGN
3499,5341,0,ANOMALY
3914,2658,0,BENIGN
1067,9378,0,BENIGN
4381,2797,0,BENIGN
2445,1784,0,ANOMALY
4108,6691,0,BENIGN
3374,4196,0,BENIGN
3970,9532,0,BENIGN
2547,1562,0,BENIGN
754,5746,0,BENIGN
2083,3999,0,BENIGN
2775,2193,0,BENIGN
2897,1068,0,BENIGN
4186,6679,0,BENIGN
776,3428,0,BENIGN
1626,7200,0,BENIGN
3070,6396,0,ANOMALY
418,7993,1,BENIGN
115,4598,0,BENIGN
617,1573,0,BENIGN
3975,5214,0,ANOMALY
3268,8636,0,BENIGN
826,2478,1,BENIGN
1517,7127,0,BENIGN
3147,7676,0,ANOMALY
413,3196,0,ANOMALY
729,9166,0,BENIGN
3349,9846,0,BENIGN
2809,7050,0,ANOMALY
676,5650,0,BENIGN
3466,9484,0,BENIGN
2505,5526,0,BENIGN
2968,5412,0,BENIGN
2787,6443,0,ANOMALY
1123,9787,0,BENIGN
4080,3593,0,BENIGN
1572,7852,0,BENIGN
2144,7629,0,BENIGN
1688,4869,0,BENIGN
4133,8971,0,BENIGN
3852,8822,0,BENIGN
3441,3989,0,BENIGN
3767,8062,0,ANOMALY
2327,6340,1,BENIGN
2915,4823,0,BENIGN
4969,4932,0,BENIGN
3953,9554,0,BENIGN
596,3429,0,BENIGN
729,8444,1,BENIGN
1366,8147,0,BENIGN
4493,8631,0,BENIGN
699,4598,0,ANOMALY
396,5329,0,BENIGN
4172,7718,0,BENIGN
4361,9218,0,BENIGN
2503,1092,0,ANOMALY
1820,9500,0,ANOMALY
718,1051,0,BENIGN
2783,1318,0,BENIGN
4947,6688,0,BENIGN
3578,8018,0,BENIGN
144,8210,1,BENIGN
4981,4956,1,ANOMALY
3141,7057,0,BENIGN
4492,7875,0,BENIGN
2939,5431,0,BENIGN
3637,2525,0,BENIGN
3223,8043,0,BENIGN
1168,2278,0,BENIGN
2617,9705,0,BENIGN
1063,7125,0,BENIGN
2157,8874,0,BENIGN
2983,7900,0,BENIGN
3295,3500,0,ANOMALY
4730,4464,0,ANOMALY
1157,3259,0,BENIGN
733,8496,0,BENIGN
4331,3659,0,BENIGN
4847,1255,0,BENIGN
954,2502,0,BENIGN
2540,5656,0,BENIGN
3325,6430,0,ANOMALY
3302,9598,0,ANOMALY
1543,4176,0,BENIGN
1192,2860,1,BENIGN
2994,7158,0,BENIGN
2682,6806,0,BENIGN
1218,5354,0,BENIGN
1541,1722,0,BENIGN
3237,8579,0,BENIGN
2387,1613,0,BENIGN
3720,4331,0,BENIGN
1389,6790,0,ANOMALY
1857,4116,0,BENIGN
1366,1330,0,BENIGN
500,3212,0,BENIGN
1681,6493,0,BENIGN
511,8232,0,BENIGN
4313,6614,0,BENIGN
1325,6913,0,BENIGN
1156,6913,0,BENIGN
1828,6611,0,BENIGN
3142,1319,0,BENIGN
3487,9085,0,BENIGN
1811,5200,1,BENIGN
2924,5791,0,BENIGN
2215,1329,0,BENIGN
4187,9851,0,BENIGN
714,7742,0,BENIGN
3603,5916,0,BENIGN
4135,2793,0,BENIGN
3523,7457,0,BENIGN
4269,9125,0,BENIGN
4749,6703,0,BENIGN
4850,7170,0,BENIGN
1244,7644,0,BENIGN
3710,8420,0,BENIGN
1082,5155,0,BENIGN
456,9411,0,BENIGN
4925,3611,0,BENIGN
895,6691,0,BENIGN
1385,3593,0,BENIGN
1959,1095,0,BENIGN
3073,7041,0,BENIGN
1997,6063,0,ANOMALY
4286,9437,0,BENIGN
505,4349,0,ANOMALY
1215,8644,0,BENIGN
1532,7560,0,BENIGN
3441,6247,0,BENIGN
824,6356,0,BENIGN
929,5077,0,BENIGN
134,5898,0,BENIGN
2106,2417,0,ANOMALY
3628,9846,0,BENIGN
4781,1110,0,BENIGN
1853,9281,0,BENIGN
4911,9954,0,BENIGN
4176,8391,0,BENIGN
2934,6132,0,BENIGN
3285,3504,0,BENIGN
4299,9289,0,BENIGN
2812,6239,0,BENIGN
1251,1292,0,BENIGN
3513,2734,0,BENIGN
1257,6120,1,BENIGN
3377,7393,0,BENIGN
3487,3196,0,ANOMALY
3585,4466,0,BENIGN
1397,2906,0,ANOMALY
3638,2721,0,BENIGN
3331,2816,0,BENIGN
2704,9444,0,BENIGN
471,5227,0,BENIGN
1354,6775,0,BENIGN
2784,4849,0,BENIGN
2832,6228,0,BENIGN
358,7849,0,BENIGN
3020,2058,0,BENIGN
668,3322,0,ANOMALY
4469,9378,0,BENIGN
1146,1948,0,BENIGN
4186,9179,0,BENIGN
3720,5359,0,BENIGN
2746,6660,0,ANOMALY
540,8254,0,BENIGN
2780,9401,0,BENIGN
4965,3093,0,BENIGN
4137,2563,0,BENIGN
4836,9217,0,BENIGN
3776,1174,0,BENIGN
2509,2334,0,BENIGN
2780,1321,0,ANOMALY
925,6698,1,ANOMALY
2957,6604,0,BENIGN
1582,7742,0,BENIGN
3325,8436,0,BENIGN
4486,9524,0,BENIGN
256,6674,0,BENIGN
4805,6002,0,BENIGN
1839,1910,0,BENIGN
1945,1949,0,BENIGN
10,6425,0,BENIGN
2872,3514,0,BENIGN
798,8701,0,BENIGN
4973,1100,0,BENIGN
1016,5646,0,BENIGN
1825,7945,0,BENIGN
4470,3400,0,BENIGN
3137,6801,0,BENIGN
2194,3343,0,BENIGN
224,1352,0,BENIGN
4949,3955,0,BENIGN
4159,2018,0,BENIGN
3926,2179,0,BENIGN
4785,6193,0,BENIGN
4001,4536,0,BENIGN
1634,3502,0,BENIGN
2153,4819,0,BENIGN
511,7855,1,ANOMALY
385,1979,0,BENIGN
405,1976,0,BENIGN
4614,3280,0,BENIGN
4572,6897,1,BENIGN
2001,1107,0,BENIGN
2757,2626,0,BENIGN
1669,9895,0,BENIGN
1461,7229,0,BENIGN
3637,7877,0,BENIGN
2725,1874,0,BENIGN
4810,6543,0,BENIGN
4179,4809,0,BENIGN
2049,3107,0,BENIGN
4147,1559,0,BENIGN
4781,9308,0,BENIGN
717,5969,0,BENIGN
4545,4046,0,BENIGN
4977,1043,0,BENIGN
4584,1508,0,BENIGN
1824,7107,0,BENIGN
2082,4439,0,BENIGN
3420,4928,0,BENIGN
1575,6411,0,BENIGN
250,1916,0,BENIGN
674,1798,0,BENIGN
4534,5971,0,BENIGN
2166,2760,0,BENIGN
771,4275,0,BENIGN
3963,1818,0,BENIGN
4364,6040,0,BENIGN
1985,4065,0,BENIGN
1078,4259,0,BENIGN
236,1906,0,BENIGN
389,1602,0,ANOMALY
3038,5295,0,BENIGN
4859,4527,0,BENIGN
1849,5543,0,BENIGN
4720,2811,0,BENIGN
2815,8963,0,BENIGN
3375,6249,0,BENIGN
3279,5615,0,BENIGN
1253,9916,1,ANOMALY
3982,7766,0,BENIGN
4674,1802,1,BENIGN
2123,3582,0,BENIGN
4531,7445,0,ANOMALY
2151,4837,0,BENIGN
4860,9718,0,ANOMALY
1330,2665,0,BENIGN
1359,9651,0,ANOMALY
2483,7975,1,BENIGN
4543,3552,0,BENIGN
2018,8475,0,BENIGN
1332,3808,0,BENIGN
4345,6633,1,BENIGN
4262,7096,0,ANOMALY
1359,9823,0,ANOMALY
4638,3456,0,BENIGN
4855,6423,0,BENIGN
3178,5317,0,BENIGN
2129,2556,0,BENIGN
2181,3205,0,BENIGN
4893,4955,0,BENIGN
138,7805,0,BENIGN
3473,1404,0,BENIGN
2833,2620,0,BENIGN
3580,3952,0,BENIGN
3032,9080,0,BENIGN
4165,4118,0,BENIGN
2594,8380,0,BENIGN
4301,7630,1,ANOMALY
3819,1565,1,BENIGN
4139,5799,0,ANOMALY
3824,8670,0,BENIGN
4043,3868,0,BENIGN
1907,9776,0,BENIGN
761,5327,0,ANOMALY
3446,7413,0,ANOMALY
900,8614,0,BENIGN
4456,2245,0,BENIGN
2948,9243,0,BENIGN
1720,1537,0,BENIGN
281,1540,0,BENIGN
3267,1814,0,BENIGN
1888,2415,0,BENIGN
3267,2652,0,BENIGN
667,5062,0,BENIGN
4189,3356,0,BENIGN
672,4810,0,BENIGN
1970,1185,0,ANOMALY
4157,2551,0,BENIGN
3123,8013,0,BENIGN
4700,1761,0,BENIGN
4778,7163,0,BENIGN
3901,8635,0,BENIGN
524,4281,0,ANOMALY
2394,2536,0,BENIGN
3118,7201,0,BENIGN
2594,4164,0,BENIGN
1969,3770,0,BENIGN
1754,8399,0,BENIGN
2297,4845,0,BENIGN
2262,4435,0,BENIGN
2287,5710,0,BENIGN
4203,1561,0,BENIGN
2879,5717,0,BENIGN
4144,8623,0,BENIGN
3645,8187,0,BENIGN
4433,3180,0,BENIGN
2056,2960,0,BENIGN
4721,4879,0,BENIGN
1277,6153,0,BENIGN
2767,8035,0,BENIGN
303,4270,0,BENIGN
639,5687,0,BENIGN
56,1582,0,ANOMALY
4822,1288,0,BENIGN
526,6664,0,BENIGN
4570,8979,0,BENIGN
4124,4859,0,ANOMALY
2126,4060,0,BENIGN
3288,2183,0,BENIGN
365,5335,0,BENIGN
4622,2446,0,BENIGN
4979,7679,0,BENIGN
1647,7213,0,BENIGN
919,2903,0,ANOMALY
2798,8894,0,BENIGN
1532,3377,0,BENIGN
3346,1847,0,BENIGN
1907,8370,0,BENIGN
3087,7341,0,BENIGN
4581,2239,0,BENIGN
2076,6600,0,BENIGN
714,5791,0,BENIGN
1063,3365,0,BENIGN
1977,6055,0,ANOMALY
1297,6622,1,ANOMALY
126,1372,0,BENIGN
4633,8783,0,BENIGN
3597,2949,0,BENIGN
3284,1244,0,BENIGN
1604,8795,0,BENIGN
67,6772,0,BENIGN
233,1124,0,BENIGN
2157,2919,0,BENIGN
1170,1530,0,BENIGN
2159,8849,0,BENIGN
4207,7929,0,BENIGN
1494,5349,0,BENIGN
4719,5756,0,BENIGN
4008,2801,0,BENIGN
2473,6156,0,BENIGN
2661,8856,0,BENIGN
2740,6461,0,BENIGN
1762,6302,0,ANOMALY
3515,8432,0,BENIGN
1976,7189,0,BENIGN
2363,2142,1,BENIGN
877,8076,0,BENIGN
3813,8614,0,BENIGN
3449,5840,0,BENIGN
1313,2629,0,BENIGN
1461,6062,0,BENIGN
2710,1762,0,BENIGN
2325,7905,0,BENIGN
1734,5889,0,BENIGN
1606,5839,0,BENIGN
2564,4957,0,ANOMALY
3422,1557,0,BENIGN
3518,5621,0,BENIGN
2398,1839,0,BENIGN
3736,9194,0,BENIGN
2871,9348,0,BENIGN
1161,7998,0,BENIGN
4855,1510,0,BENIGN
243,2137,0,BENIGN
2591,6606,0,BENIGN
1064,5666,0,BENIGN
4325,9906,0,BENIGN
2596,6434,0,BENIGN
920,7446,0,BENIGN
6,3654,0,BENIGN
468,1990,0,BENIGN
4171,8820,0,BENIGN
4,3160,0,BENIGN
646,6740,0,BENIGN
118,5457,0,ANOMALY
2929,3063,0,BENIGN
2552,2977,0,BENIGN
4290,9567,0,BENIGN
847,9933,0,BENIGN
2763,3667,0,BENIGN
1142,5919,0,BENIGN
1811,9609,0,BENIGN
724,8642,0,BENIGN
225,9798,0,BENIGN
4628,9759,0,BENIGN
4209,1543,0,BENIGN
4655,1883,0,BENIGN
2049,5798,0,BENIGN
4750,9040,0,BENIGN
4416,6718,0,BENIGN
1574,3068,0,BENIGN
1829,8478,0,BENIGN
1918,9120,0,BENIGN
4235,8820,0,BENIGN
2027,2786,0,BENIGN
3745,6715,0,BENIGN
902,9269,0,BENIGN
4786,2308,1,BENIGN
2040,9839,0,ANOMALY
10,9744,0,BENIGN
261,9473,0,BENIGN
1674,5861,0,BENIGN
2220,3776,0,BENIGN
2061,2596,0,BENIGN
3714,1479,0,BENIGN
1620,4312,0,ANOMALY
321,7156,0,BENIGN
1343,8919,0,BENIGN
2377,7744,0,BENIGN
2833,4898,1,BENIGN
2825,3072,0,BENIGN
1995,6624,0,BENIGN
2959,1938,0,BENIGN
2039,9176,0,BENIGN
3491,1761,0,BENIGN
3678,8254,0,BENIGN
1119,2669,0,ANOMALY
1605,8128,0,BENIGN
4028,4862,0,ANOMALY
236,3685,0,BENIGN
1970,7634,0,ANOMALY
4430,2931,1,BENIGN
1909,8308,0,ANOMALY
376,4939,0,BENIGN
3531,2126,0,BENIGN
2636,7021,0,BENIGN
1571,7437,0,BENIGN
2561,8039,0,BENIGN
3392,6373,0,ANOMALY
2966,2203,0,BENIGN
3644,5135,0,BENIGN
3851,9711,0,ANOMALY
873,8904,0,BENIGN
1253,3283,0,ANOMALY
1315,5558,0,ANOMALY
4821,6347,0,BENIGN
2899,8867,0,BENIGN
78,6944,0,ANOMALY
2622,9674,0,BENIGN
4228,3477,0,BENIGN
601,4093,0,BENIGN
1066,9534,0,BENIGN
2137,8207,0,BENIGN
2450,7227,0,BENIGN
2344,4535,0,BENIGN
1864,8004,0,BENIGN
1319,3913,0,BENIGN
4712,3340,0,BENIGN
3598,6289,0,BENIGN
3763,1597,1,BENIGN
4671,9836,0,BENIGN
2191,8145,0,BENIGN
993,3902,0,BENIGN
2713,7645,0,BENIGN
2193,9955,0,BENIGN
1249,8694,0,BENIGN
3055,5830,0,BENIGN
4599,8546,0,BENIGN
4034,8368,0,BENIGN
1998,3160,0,BENIGN
4917,6878,0,BENIGN
3688,8663,0,BENIGN
2152,4749,0,ANOMALY
4019,3922,0,BENIGN
3111,7486,0,BENIGN
1971,9112,0,BENIGN
198,9771,0,BENIGN
2627,4804,0,BENIGN
1203,5878,0,BENIGN
2036,3368,0,ANOMALY
478,9093,0,BENIGN
1255,4932,0,BENIGN
923,6608,0,BENIGN
420,7635,0,BENIGN
2205,7395,0,BENIGN
2598,7101,0,BENIGN
1121,6531,1,BENIGN
3069,5970,0,BENIGN
951,7344,0,BENIGN
2337,9408,0,BENIGN
2244,1375,0,BENIGN
2646,8887,0,BENIGN
1858,2609,0,BENIGN
4613,3939,1,BENIGN
1866,5062,0,BENIGN
2913,2613,0,BENIGN
2854,7578,0,BENIGN
4911,8851,0,BENIGN
3229,4679,0,BENIGN
3720,8540,0,ANOMALY
3229,8074,0,BENIGN
2372,4996,0,BENIGN
2892,5786,0,BENIGN
3757,6695,0,ANOMALY
4226,7998,0,ANOMALY
95,3366,0,BENIGN
2675,7764,0,BENIGN
1956,9976,0,BENIGN
794,2614,0,BENIGN
1835,5555,0,BENIGN
2117,3416,0,BENIGN
4107,8288,0,BENIGN
3326,7862,0,BENIGN
2920,4653,0,BENIGN
2598,7639,0,BENIGN
3206,1496,0,BENIGN
4808,1504,0,BENIGN
815,8699,1,BENIGN
346,6733,0,BENIGN
2350,9055,0,BENIGN
363,4216,0,BENIGN
2444,6688,0,BENIGN
2266,5364,0,BENIGN
2189,7042,1,BENIGN
3006,2477,0,ANOMALY
3282,5960,0,BENIGN
985,3397,0,BENIGN
1640,9301,0,BENIGN
828,9841,0,BENIGN
2731,7194,0,BENIGN
3532,8570,0,BENIGN
4452,8730,0,BENIGN
2936,2499,0,BENIGN
3877,8235,0,BENIGN
127,1595,0,BENIGN
3178,1978,0,ANOMALY
3057,1730,0,ANOMALY
604,1056,0,BENIGN
3450,3243,0,BENIGN
4147,6879,0,BENIGN
3534,2701,0,BENIGN
3368,8229,0,ANOMALY
3369,2286,0,BENIGN
3798,9303,0,ANOMALY
1793,1947,0,BENIGN
2862,5121,0,BENIGN
3477,7553,0,BENIGN
3418,1757,0,BENIGN
1646,6651,0,BENIGN
1206,8273,0,BENIGN
3031,4535,0,BENIGN
2873,3293,0,BENIGN
3073,2104,0,ANOMALY
1855,9853,0,BENIGN
4022,1908,0,BENIGN
4663,7539,0,BENIGN
2709,5617,0,ANOMALY
3503,8069,0,ANOMALY
1333,3311,0,BENIGN
202,1789,0,BENIGN
3508,1171,0,BENIGN
4213,8989,0,BENIGN
575,2885,1,ANOMALY
537,9667,0,BENIGN
1626,2049,0,ANOMALY
2123,5129,0,BENIGN
386,2161,0,BENIGN
3282,1815,0,BENIGN
475,4766,0,BENIGN
418,9945,0,ANOMALY
3601,5661,0,BENIGN
955,9653,0,BENIGN
4972,4239,0,BENIGN
4859,9272,0,BENIGN
1206,3804,0,BENIGN
4760,9031,0,BENIGN
4121,1869,0,BENIGN
1991,6526,0,BENIGN
4806,8741,0,BENIGN
3573,5694,0,BENIGN
4381,9998,0,BENIGN
4159,2934,0,BENIGN
4758,6172,0,BENIGN
2714,1703,0,BENIGN
2204,3523,0,BENIGN
3121,3639,0,ANOMALY
967,7159,0,BENIGN
4945,4909,0,ANOMALY
3433,2164,0,BENIGN
689,1619,0,BENIGN
4244,8982,0,BENIGN
3702,4066,0,BENIGN
342,5872,0,BENIGN
1725,9638,0,BENIGN
4423,3337,0,BENIGN
1793,9400,0,BENIGN
1760,6594,0,BENIGN
3213,3460,0,BENIGN
990,7820,1,BENIGN
2263,6546,0,BENIGN
2483,4442,0,BENIGN
952,3711,0,BENIGN
723,2291,0,BENIGN
3390,6374,0,BENIGN
2080,3655,0,BENIGN
2718,7513,0,BENIGN
2333,8394,0,BENIGN
3377,1704,0,ANOMALY
4525,1825,0,BENIGN
1501,1376,0,ANOMALY
286,1972,0,BENIGN
3496,5213,0,BENIGN
2066,1443,0,BENIGN
769,8519,0,BENIGN
3058,1754,0,BENIGN
4290,5735,0,BENIGN
2162,6396,0,BENIGN
3294,4465,0,BENIGN
947,3711,0,BENIGN
4927,3407,0,ANOMALY
3336,9814,0,BENIGN
4151,6588,0,BENIGN
4896,7104,0,BENIGN
4874,6747,0,BENIGN
1482,2723,0,BENIGN
1902,8224,0,BENIGN
3452,2919,0,BENIGN
4065,1918,0,BENIGN
55,5215,0,BENIGN
1824,1581,0,BENIGN
3463,4881,0,BENIGN
3080,4909,0,BENIGN
833,2999,0,BENIGN
4409,1400,0,BENIGN
2807,4648,0,BENIGN
2491,6445,0,BENIGN
328,3628,0,BENIGN
3311,2656,0,BENIGN
3301,1620,0,BENIGN
3676,1246,0,ANOMALY
3055,6212,0,BENIGN
2144,4339,0,BENIGN
1312,7758,0,BENIGN
3192,8086,0,BENIGN
2539,4010,0,BENIGN
3984,5719,0,BENIGN
4548,3368,0,BENIGN
165,2839,0,BENIGN
4278,3903,0,BENIGN
823,7205,0,BENIGN
944,5395,0,BENIGN
4426,6767,0,BENIGN
775,4691,0,BENIGN
2199,8470,0,BENIGN
3157,4841,0,BENIGN
4243,5348,0,BENIGN
3696,7621,0,BENIGN
3453,2392,0,BENIGN
915,7060,0,BENIGN
1309,5255,0,BENIGN
4178,5300,0,BENIGN
514,4338,0,BENIGN
1921,6487,0,BENIGN
3595,4514,0,BENIGN
4842,1759,0,BENIGN
1410,9621,0,BENIGN
4803,7793,0,BENIGN
4567,3459,0,BENIGN
3191,6273,0,BENIGN
4492,2718,0,BENIGN
1556,6423,0,BENIGN
805,2308,0,ANOMALY
1280,2050,0,BENIGN
3578,6479,0,ANOMALY
2902,3249,0,ANOMALY
1388,3809,0,BENIGN
4689,3921,1,BENIGN
2762,5676,0,BENIGN
2680,5041,0,BENIGN
2107,3417,0,BENIGN
4224,1532,0,BENIGN
4832,9167,0,BENIGN
2769,2469,0,BENIGN
3954,8292,1,BENIGN
3187,9961,0,BENIGN
3281,8142,0,BENIGN
2574,7000,0,BENIGN
4617,8081,0,BENIGN
2600,5649,0,BENIGN
4034,7931,0,BENIGN
237,4424,0,BENIGN
1305,2091,0,BENIGN
3431,8849,0,BENIGN
1302,5654,1,BENIGN
2542,1260,0,BENIGN
2052,6936,0,BENIGN
442,5370,0,ANOMALY
2077,5301,0,BENIGN
3181,8207,0,BENIGN
2658,6819,0,ANOMALY
3799,1092,0,ANOMALY
805,6161,0,BENIGN
75,8632,0,BENIGN
2176,7208,0,BENIGN
3925,9556,0,BENIGN
2090,5916,0,BENIGN
41,4718,0,BENIGN
2082,7125,0,BENIGN
4684,2924,0,BENIGN
1623,4095,0,BENIGN
342,7683,0,BENIGN
4053,6181,0,BENIGN
2075,3538,0,BENIGN
646,3276,1,BENIGN
4827,9194,0,BENIGN
4264,1910,0,BENIGN
610,1306,0,BENIGN
455,7575,0,BENIGN
2954,5231,0,BENIGN
1709,7028,0,BENIGN
3473,7658,0,BENIGN
2970,7336,0,BENIGN
3029,1872,0,BENIGN
4798,2141,0,BENIGN
2682,1665,0,BENIGN
3630,9400,0,BENIGN
4226,1951,0,BENIGN
3068,5722,0,BENIGN
1387,5008,0,BENIGN
3777,7655,0,BENIGN
2867,7190,0,ANOMALY
4789,1771,1,BENIGN
3364,5030,0,BENIGN
4890,8859,0,ANOMALY
4125,1521,0,BENIGN
149,4355,0,BENIGN
3851,2400,0,BENIGN
2059,4723,0,BENIGN
1137,7579,0,BENIGN
187,4247,0,BENIGN
2855,2858,0,BENIGN
1251,5781,0,BENIGN
1334,5064,0,BENIGN
4194,3398,0,ANOMALY
4151,1142,1,BENIGN
2712,6062,0,BENIGN
4854,4469,0,BENIGN
4502,4695,0,BENIGN
1786,1717,0,BENIGN
751,1642,0,BENIGN
1763,3548,0,ANOMALY
3921,9561,0,BENIGN
4461,4650,0,BENIGN
482,8549,0,BENIGN
154,9978,0,BENIGN
1525,1949,0,ANOMALY
2121,6444,0,ANOMALY
2344,1521,0,BENIGN
1241,7632,0,BENIGN
61,7048,0,BENIGN
939,1354,0,BENIGN
1640,2482,0,ANOMALY
4121,7994,0,BENIGN
4227,3215,0,BENIGN
3570,5716,0,BENIGN
1253,9619,0,BENIGN
4204,6821,0,BENIGN
172,3537,0,BENIGN
1459,7339,0,BENIGN
3550,9736,0,BENIGN
4198,5919,0,BENIGN
2323,8075,1,BENIGN
1637,4765,0,BENIGN
3116,9850,0,BENIGN
4091,8082,0,BENIGN
3005,3827,0,BENIGN
330,3058,0,BENIGN
3641,8749,0,BENIGN
3895,1730,1,BENIGN
4108,2832,0,BENIGN
1342,9600,0,BENIGN
3664,7505,0,BENIGN
216,8170,0,BENIGN
339,5179,0,BENIGN
4063,7299,0,BENIGN
2709,8830,0,BENIGN
3153,5802,0,BENIGN
1751,7057,1,BENIGN
2422,7615,0,ANOMALY
710,7762,0,BENIGN
3727,6543,0,BENIGN
3643,9325,0,BENIGN
3994,5883,0,BENIGN
489,8050,0,BENIGN
47,5959,0,ANOMALY
3360,1666,0,BENIGN
4874,1276,0,BENIGN
4807,1881,0,BENIGN
401,3060,1,BENIGN
3991,3082,0,BENIGN
3158,7702,0,BENIGN
4346,1158,0,BENIGN
391,6229,0,BENIGN
3854,8956,0,BENIGN
4431,8514,0,BENIGN
629,8803,0,BENIGN
4233,3526,0,BENIGN
2931,9302,1,BENIGN
1522,8803,0,BENIGN
827,7574,1,BENIGN
4823,9733,0,ANOMALY
1501,2138,0,BENIGN
3295,8257,0,BENIGN
2420,4283,0,ANOMALY
935,8762,0,BENIGN
3043,8896,1,BENIGN
4498,3419,0,BENIGN
1467,2756,0,ANOMALY
3562,3306,0,BENIGN
615,8630,0,BENIGN
1183,7263,0,BENIGN
3224,6008,0,ANOMALY
2668,6247,0,BENIGN
131,9914,0,BENIGN
2984,3570,0,BENIGN
4279,6807,0,BENIGN
4460,8812,0,ANOMALY
39,1324,0,BENIGN
3960,8487,0,ANOMALY
3588,6645,0,BENIGN
921,2945,0,BENIGN
2770,5486,0,BENIGN
4112,3430,0,BENIGN
493,4510,0,BENIGN
1132,1845,0,BENIGN
3522,1567,0,BENIGN
311,3179,0,BENIGN
739,3019,0,BENIGN
3242,4319,1,BENIGN
546,3320,0,BENIGN
2462,2646,0,BENIGN
4347,4909,0,BENIGN
4855,9015,0,ANOMALY
1805,4420,0,BENIGN
3213,1356,0,BENIGN
3811,8485,0,BENIGN
814,4081,0,BENIGN
4125,3280,0,BENIGN
2033,5131,0,BENIGN
4573,6123,0,BENIGN
4414,8422,0,ANOMALY
245,3787,0,BENIGN
4844,5209,0,BENIGN
4793,7540,0,BENIGN
272,1465,0,BENIGN
3512,2487,0,BENIGN
1772,5942,0,BENIGN
1263,5597,0,BENIGN
2425,5536,0,BENIGN
4362,1325,0,BENIGN
921,5162,0,BENIGN
3431,1303,0,BENIGN
4436,6067,0,BENIGN
4485,6024,0,BENIGN
2625,8715,0,BENIGN
3761,9340,0,BENIGN
2051,3631,0,BENIGN
3501,7391,0,BENIGN
1166,9287,0,BENIGN
376,3369,0,BENIGN
2034,1528,0,BENIGN
146,5675,0,BENIGN
4389,2663,0,BENIGN
432,4364,0,BENIGN
705,3341,0,BENIGN
2633,7656,0,BENIGN
4495,5905,0,BENIGN
964,9884,1,BENIGN
2235,6950,0,BENIGN
2042,2360,0,BENIGN
1829,6127,0,BENIGN
2109,6562,0,BENIGN
4069,9730,0,ANOMALY
939,6777,0,BENIGN
4806,4925,0,BENIGN
807,9463,0,ANOMALY
1464,9001,0,BENIGN
3416,2028,0,ANOMALY
11,7018,0,BENIGN
1869,2242,0,BENIGN
4868,9784,0,BENIGN
885,8119,0,BENIGN
3565,5210,1,BENIGN
1390,7406,0,BENIGN
3402,4377,0,BENIGN
4322,5071,0,BENIGN
825,2440,0,BENIGN
2266,4626,0,ANOMALY
937,1184,0,BENIGN
2801,5996,0,BENIGN
2554,9412,0,BENIGN
3846,9031,0,BENIGN
1797,6563,0,BENIGN
54,4188,0,BENIGN
727,3945,0,BENIGN
2737,7765,0,BENIGN
3171,3474,0,BENIGN
1914,7787,0,BENIGN
1597,9792,0,BENIGN
1915,5599,0,BENIGN
2467,7274,0,BENIGN
2738,5313,0,BENIGN
850,3218,0,BENIGN
2110,2152,0,BENIGN
3,1056,0,BENIGN
4256,1143,0,BENIGN
4070,8218,0,BENIGN
4877,9559,0,BENIGN
893,7361,0,BENIGN
2031,1615,1,BENIGN
3161,9062,0,BENIGN
2377,6977,0,BENIGN
4676,7984,0,BENIGN
1934,9890,0,BENIGN
1381,5971,0,ANOMALY
3682,6781,0,BENIGN
1291,1944,0,BENIGN
1641,8078,0,BENIGN
2683,2746,0,BENIGN
988,6783,0,BENIGN
1219,7907,0,BENIGN
1356,9625,0,BENIGN
4266,3926,0,BENIGN
4617,2089,0,BENIGN
4136,3957,0,BENIGN
1561,3612,0,BENIGN
1419,7047,0,BENIGN
955,7249,1,BENIGN
984,4759,0,BENIGN
975,8718,0,BENIGN
4134,5263,0,BENIGN
3973,2902,0,BENIGN
914,3567,0,ANOMALY
4550,9075,0,BENIGN
37,3994,0,BENIGN
3388,6229,0,BENIGN
1712,3010,0,BENIGN
3021,8377,0,BENIGN
796,1830,0,BENIGN
4037,1048,0,BENIGN
4689,5210,0,BENIGN
3112,2178,1,BENIGN
1325,6768,0,BENIGN
318,8878,0,BENIGN
2397,1070,0,BENIGN
2163,8686,0,ANOMALY
2746,8879,0,BENIGN
1592,6455,0,BENIGN
3112,9258,0,BENIGN
3931,6612,0,BENIGN
1997,6769,0,BENIGN
1313,2777,0,BENIGN
1286,8380,0,ANOMALY
4312,3228,0,BENIGN
2384,9804,0,BENIGN
3240,9888,0,BENIGN
2140,7746,0,BENIGN
1705,7391,0,BENIGN
363,3406,0,BENIGN
2605,9440,0,BENIGN
1717,1637,0,ANOMALY
4452,9090,0,BENIGN
4287,1949,0,BENIGN
3739,4587,0,BENIGN
2470,2111,0,BENIGN
4796,9367,0,BENIGN
557,1722,0,BENIGN
826,4842,0,ANOMALY
2809,4674,0,BENIGN
4522,5866,0,BENIGN
2720,1702,0,BENIGN
3509,3128,0,BENIGN
3742,5233,0,BENIGN
1575,3517,0,BENIGN
3999,2149,0,BENIGN
2130,2878,0,BENIGN
2404,1309,0,BENIGN
3330,4952,0,BENIGN
589,8728,0,BENIGN
2013,4049,0,BENIGN
1548,6766,0,BENIGN
295,7412,0,BENIGN
1986,5865,0,BENIGN
3118,1015,0,BENIGN
1691,1605,0,BENIGN
1137,5908,0,BENIGN
2065,9006,0,BENIGN
4456,7412,0,BENIGN
4796,9605,0,BENIGN
4544,5120,0,BENIGN
4771,9507,0,ANOMALY
1008,5666,0,BENIGN
2515,5820,0,BENIGN
3527,8835,0,BENIGN
4682,2849,0,BENIGN
1248,2953,0,BENIGN
3903,9580,0,BENIGN
1436,3769,0,BENIGN
572,4046,0,BENIGN
2383,8594,0,ANOMALY
1246,7840,0,BENIGN
2085,6066,0,BENIGN
278,3415,0,BENIGN
1888,3389,0,BENIGN
4580,6924,0,BENIGN
1266,9495,0,BENIGN
4827,1763,0,BENIGN
1041,8541,0,BENIGN
918,1815,0,BENIGN
886,7255,0,BENIGN
2753,1877,1,BENIGN
22,8173,0,BENIGN
4570,8073,0,BENIGN
3192,5798,0,BENIGN
2354,7989,1,BENIGN
4800,6039,0,BENIGN
687,7324,0,BENIGN
285,3823,0,BENIGN
4812,6287,0,BENIGN
3748,4285,0,BENIGN
763,8433,0,BENIGN
2429,7174,0,BENIGN
2508,5826,0,ANOMALY
29,4664,0,BENIGN
907,1497,0,BENIGN
3105,8641,0,BENIGN
4000,5643,0,BENIGN
2995,6056,0,BENIGN
2507,1131,0,BENIGN
4666,6443,0,BENIGN
3610,1857,0,BENIGN
3554,9712,0,ANOMALY
1454,9221,0,BENIGN
4834,7147,0,BENIGN
3357,5604,0,BENIGN
516,2558,0,BENIGN
39,1015,0,BENIGN
3343,4605,0,BENIGN
887,2607,1,BENIGN
2845,6935,0,BENIGN
2205,3016,0,BENIGN
1099,4574,0,BENIGN
1824,8274,0,BENIGN
3202,4791,0,BENIGN
3156,7406,0,BENIGN
3094,2088,1,BENIGN
3531,2361,0,BENIGN
3779,5473,0,BENIGN
2897,6294,0,BENIGN
3454,8106,0,BENIGN
3512,8319,0,BENIGN
989,9667,0,BENIGN
4117,9520,0,BENIGN
4965,2186,1,BENIGN
4027,4414,1,BENIGN
4180,6486,1,BENIGN
1683,4536,0,BENIGN
4666,2773,1,BENIGN
3964,6415,0,BENIGN
934,3558,0,BENIGN
3599,6907,0,BENIGN
3234,6079,0,BENIGN
1981,7724,1,BENIGN
1856,6420,0,BENIGN
3057,4291,0,BENIGN
793,4524,0,BENIGN
792,4504,0,BENIGN
1810,9998,0,BENIGN
2256,6989,0,BENIGN
3611,3666,0,BENIGN
1608,9596,0,BENIGN
985,8140,0,BENIGN
3677,9785,0,BENIGN
3381,7895,0,BENIGN
520,5107,0,BENIGN
591,4280,0,BENIGN
1051,3212,0,ANOMALY
3634,9078,0,BENIGN
4445,8601,0,BENIGN
960,1613,0,BENIGN
693,1868,0,BENIGN
3900,1811,0,BENIGN
4474,5862,0,BENIGN
2947,5177,0,BENIGN
527,2744,0,BENIGN
3225,3256,0,BENIGN
2254,8612,0,BENIGN
3345,9713,0,BENIGN
3966,8196,0,BENIGN
1876,6423,0,BENIGN
1764,6089,0,BENIGN
521,7608,0,BENIGN
1017,2469,0,BENIGN
117,3675,0,ANOMALY
2434,2513,1,BENIGN
584,5876,0,BENIGN
395,2451,0,ANOMALY
3789,5654,0,BENIGN
2769,4007,1,BENIGN
4168,4124,0,BENIGN
3861,2753,0,BENIGN
274,2612,0,ANOMALY
2014,4275,0,BENIGN
4434,9747,0,BENIGN
1390,3049,0,BENIGN
3567,1824,0,BENIGN
4703,4030,0,BENIGN
166,2081,0,ANOMALY
1568,6299,1,BENIGN
729,1492,0,BENIGN
2044,5764,0,BENIGN
4198,8202,0,BENIGN
3497,9266,0,BENIGN
779,4360,0,BENIGN
214,9562,0,BENIGN
3763,5682,0,BENIGN
1577,1328,0,BENIGN
2449,9968,0,BENIGN
2937,5674,0,ANOMALY
3118,5316,0,BENIGN
592,6803,0,BENIGN
2721,4325,0,BENIGN
714,9379,0,ANOMALY
936,2214,0,BENIGN
4338,8556,0,BENIGN
2,9722,0,BENIGN
2849,4136,0,BENIGN
4045,7618,0,BENIGN
1950,6265,0,BENIGN
918,8089,1,BENIGN
3175,8965,0,BENIGN
2242,9708,0,BENIGN
90,7569,0,BENIGN
1710,2491,0,BENIGN
2170,6213,0,BENIGN
4239,5228,0,BENIGN
3042,8508,0,BENIGN
106,5409,0,BENIGN
887,1590,0,BENIGN
428,8379,0,ANOMALY
1896,4056,0,ANOMALY
317,3206,0,BENIGN
635,3708,0,BENIGN
1926,6981,0,BENIGN
2057,6722,0,ANOMALY
3145,1747,0,BENIGN
2271,9992,0,BENIGN
1440,7553,0,BENIGN
553,2497,0,ANOMALY
716,2379,0,BENIGN
3912,9871,0,BENIGN
1714,8360,0,BENIGN
3390,4770,0,BENIGN
1108,4342,0,BENIGN
4207,2546,0,ANOMALY
251,4126,0,BENIGN
2431,6889,0,BENIGN
2055,7208,0,BENIGN
459,9875,0,BENIGN
208,2295,0,BENIGN
900,2385,0,BENIGN
3462,1942,0,BENIGN
3386,4280,0,ANOMALY
22,2033,0,BENIGN
410,3786,0,BENIGN
895,3233,0,BENIGN
515,2620,0,BENIGN
4905,4535,0,BENIGN
4970,4205,0,BENIGN
4110,3882,0,ANOMALY
2135,1170,0,BENIGN
3596,9140,0,BENIGN
2957,4897,0,ANOMALY
1561,5122,0,BENIGN
1267,6109,1,ANOMALY
2170,3837,0,BENIGN
3639,9599,0,BENIGN
750,6228,0,BENIGN
3428,5169,0,BENIGN
4781,7721,1,BENIGN
1928,1679,0,BENIGN
3805,8429,0,BENIGN
3703,6487,0,ANOMALY
2357,1236,0,BENIGN
4791,7804,0,BENIGN
2336,3423,1,BENIGN
307,2032,0,BENIGN
3666,7339,0,BENIGN
1990,3940,0,BENIGN
662,6409,0,ANOMALY
4645,4132,0,BENIGN
312,8080,0,BENIGN
2921,5942,1,BENIGN
1083,7961,0,BENIGN
2972,8730,0,BENIGN
755,1633,0,BENIGN
4131,7822,0,BENIGN
4541,5103,1,BENIGN
353,7487,0,BENIGN
903,4446,0,BENIGN
3889,6738,0,BENIGN
159,4098,0,BENIGN
1978,9097,0,BENIGN
957,6476,0,BENIGN
2072,9253,0,BENIGN
404,6181,0,BENIGN
4612,2817,1,BENIGN
2780,9824,0,ANOMALY
1388,5887,0,BENIGN
3454,3598,0,BENIGN
956,3653,0,BENIGN
1713,2454,0,BENIGN
4704,2138,0,BENIGN
1274,6807,0,BENIGN
3812,4192,0,BENIGN
2626,7116,0,BENIGN
2383,4759,0,ANOMALY
1442,4029,0,BENIGN
2980,6095,0,BENIGN
1798,1063,0,BENIGN
4391,2345,0,BENIGN
4010,1974,0,ANOMALY
4851,5161,0,BENIGN
1395,6962,0,BENIGN
4282,9649,0,BENIGN
1270,7596,0,BENIGN
4733,4330,0,BENIGN
3715,2740,1,BENIGN
530,7055,0,BENIGN
3624,7321,0,BENIGN
2959,2954,0,BENIGN
2915,1279,0,BENIGN
4890,3391,0,BENIGN
3592,7439,0,BENIGN
2148,1961,1,BENIGN
4574,7827,0,BENIGN
3370,2217,1,BENIGN
940,9566,0,BENIGN
526,7007,0,BENIGN
2,5130,0,BENIGN
375,2392,0,BENIGN
2341,3076,0,BENIGN
4006,9966,0,BENIGN
3053,5316,1,BENIGN
4649,7196,0,BENIGN
2366,5589,0,BENIGN
1526,9142,0,ANOMALY
4477,7260,0,BENIGN
1647,9471,0,BENIGN
14,8897,0,BENIGN
4600,5841,0,BENIGN
2279,8161,0,BENIGN
3156,2059,0,BENIGN
130,2922,0,BENIGN
3815,7101,0,ANOMALY
4934,5592,0,BENIGN
3217,7349,0,ANOMALY
2939,3473,0,BENIGN
3929,9108,0,ANOMALY
2041,9096,0,BENIGN
28,7748,0,BENIGN
2114,5549,0,BENIGN
1253,1594,0,BENIGN
4357,6452,1,BENIGN
2047,1506,0,BENIGN
4556,5889,0,BENIGN
4024,8637,0,BENIGN
4397,9212,0,BENIGN
3375,2399,0,BENIGN
3467,4201,0,BENIGN
3082,8854,0,ANOMALY
3779,7763,0,BENIGN
630,8962,0,BENIGN
270,6190,0,BENIGN
2640,6681,0,BENIGN
1994,4678,0,BENIGN
2892,1336,0,BENIGN
4958,2667,0,BENIGN
3433,1909,0,BENIGN
1281,9467,0,BENIGN
2361,9204,0,BENIGN
576,6122,0,BENIGN
1308,9153,0,BENIGN
3193,1973,0,BENIGN
3179,5270,0,BENIGN
2735,2408,0,BENIGN
2213,3288,0,BENIGN
2353,9738,0,BENIGN
3569,2218,0,BENIGN
1656,2420,0,ANOMALY
1580,4377,0,BENIGN
2204,8501,0,BENIGN
1391,5098,0,BENIGN
1743,3738,0,BENIGN
1926,8619,0,BENIGN
620,2842,0,BENIGN
1275,9938,0,BENIGN
957,3816,0,BENIGN
1940,1494,1,BENIGN
3954,7560,0,BENIGN
2382,6510,0,BENIGN
969,4444,0,BENIGN
1317,8543,0,BENIGN
1044,8562,0,BENIGN
282,4994,0,BENIGN
2845,8253,1,BENIGN
1059,1045,0,BENIGN
4294,3057,0,BENIGN
2533,1663,0,BENIGN
3829,5668,0,BENIGN
1009,3029,0,ANOMALY
1230,6717,0,BENIGN
1036,3696,0,BENIGN
4586,9831,0,BENIGN
276,3663,0,BENIGN
2741,3745,0,BENIGN
2290,6004,0,BENIGN
1240,7321,0,BENIGN
126,6125,0,BENIGN
4066,5948,0,ANOMALY
4313,5402,0,BENIGN
3869,4427,0,BENIGN
1209,6912,0,BENIGN
3250,1394,0,BENIGN
919,4597,0,ANOMALY
3924,1329,0,BENIGN
4404,1772,0,BENIGN
1970,9135,0,BENIGN
2794,2645,0,BENIGN
892,2787,0,BENIGN
4471,1999,0,ANOMALY
2034,2848,1,ANOMALY
1365,2561,0,BENIGN
129,1773,0,BENIGN
1015,8311,0,ANOMALY
1800,6179,0,BENIGN
4613,2803,1,BENIGN
1519,3050,0,BENIGN
4182,1747,0,BENIGN
1199,9125,0,BENIGN
3874,6860,0,BENIGN
2475,4973,0,BENIGN
3486,2615,0,BENIGN
4050,4754,0,BENIGN
3720,6506,0,ANOMALY
303,5221,0,BENIGN
3953,6291,0,ANOMALY
4684,6854,0,BENIGN
987,1216,0,BENIGN
1864,2359,0,BENIGN
4441,4774,0,ANOMALY
4910,6417,0,BENIGN
3073,5927,0,BENIGN
3125,5429,0,ANOMALY
1328,5606,0,BENIGN
2409,5478,0,BENIGN
3674,2896,0,BENIGN
3292,8366,0,BENIGN
4034,5427,0,BENIGN
704,6361,0,BENIGN
575,1641,0,BENIGN
3233,6346,0,BENIGN
4784,5729,0,BENIGN
2633,4627,0,BENIGN
3829,7594,0,BENIGN
3231,9387,0,ANOMALY
489,4275,0,BENIGN
1348,5050,0,BENIGN
3682,5553,0,BENIGN
3174,5925,0,BENIGN
4590,3304,0,BENIGN
1668,4343,0,ANOMALY
1638,3056,0,BENIGN
4115,3808,0,BENIGN
3554,8092,0,BENIGN
1001,8226,0,BENIGN
851,1886,0,BENIGN
1389,9584,0,BENIGN
3713,8720,0,BENIGN
1368,3446,0,BENIGN
822,4905,0,ANOMALY
455,7474,0,BENIGN
1625,4591,0,BENIGN
2773,3181,0,BENIGN
3727,6011,0,BENIGN
3148,6030,0,BENIGN
4090,1354,0,BENIGN
4807,3631,0,BENIGN
2191,2521,0,BENIGN
917,3672,0,BENIGN
3987,3337,0,BENIGN
2876,7968,0,BENIGN
1441,1628,0,BENIGN
4401,8162,0,BENIGN
736,3679,0,BENIGN
3569,6266,0,ANOMALY
3339,5422,0,BENIGN
3016,8463,0,BENIGN
2890,2126,0,BENIGN
962,2780,0,BENIGN
2990,7571,0,BENIGN
3849,9584,0,BENIGN
1027,1825,0,BENIGN
3866,8276,0,BENIGN
2864,3395,0,ANOMALY
2502,5145,0,BENIGN
1948,8059,0,ANOMALY
1178,6492,0,BENIGN
4761,8111,0,BENIGN
12,7792,0,BENIGN
4400,4551,0,BENIGN
3365,8711,0,BENIGN
3023,4628,0,BENIGN
3372,2565,0,BENIGN
2831,4667,0,BENIGN
43,7459,0,BENIGN
944,5096,0,BENIGN
2391,2019,0,BENIGN
2546,8928,0,BENIGN
2412,9254,0,BENIGN
4987,6965,0,BENIGN
1005,3269,0,BENIGN
21,9835,0,BENIGN
407,5721,0,BENIGN
1015,9408,0,BENIGN
4432,1195,0,BENIGN
1839,4273,0,BENIGN
3189,6110,0,ANOMALY
715,8401,0,ANOMALY
4147,4212,0,BENIGN
3855,3755,0,BENIGN
4420,2521,0,BENIGN
4885,6674,0,BENIGN
141,2080,0,ANOMALY
4566,6623,0,BENIGN
4883,1721,0,BENIGN
964,2562,0,BENIGN
373,1639,0,BENIGN
3636,5260,1,BENIGN
2542,6190,0,BENIGN
3611,4736,0,BENIGN
1693,8746,1,BENIGN
106,1089,0,BENIGN
1682,2251,0,BENIGN
4098,5703,0,BENIGN
4017,1348,0,BENIGN
2637,5052,0,BENIGN
2138,3941,0,BENIGN
3417,9437,0,BENIGN
4446,1271,0,BENIGN
3531,3030,0,BENIGN
1287,8836,0,BENIGN
3180,8041,0,BENIGN
3655,6175,0,BENIGN
2360,2126,0,BENIGN
445,5379,0,BENIGN
36,9708,0,BENIGN
1476,9052,0,BENIGN
3958,1611,0,BENIGN
1799,1749,0,BENIGN
1846,2856,0,BENIGN
1409,9591,0,ANOMALY
1709,2526,0,BENIGN
2939,7229,0,BENIGN
1301,9511,0,BENIGN
1244,9527,0,BENIGN
3977,3098,0,BENIGN
3098,8865,0,BENIGN
4617,1173,0,BENIGN
10,1500,0,BENIGN
2426,4646,0,ANOMALY
1661,7219,0,BENIGN
2632,3363,0,BENIGN
4816,8540,0,BENIGN
1073,2896,0,BENIGN
3226,6759,0,BENIGN
4955,2778,0,BENIGN
1317,4057,0,BENIGN
4146,6190,0,BENIGN
3684,7997,0,BENIGN
3274,5747,0,BENIGN
146,1045,0,ANOMALY
3041,8758,0,BENIGN
1463,8053,0,BENIGN
4677,4201,0,BENIGN
1585,1455,0,BENIGN
483,3924,0,BENIGN
3180,8798,0,BENIGN
1250,1965,0,ANOMALY
4769,5964,0,BENIGN
631,2528,0,BENIGN
662,3976,0,BENIGN
3504,4071,0,BENIGN
2853,5869,0,BENIGN
2467,7387,1,BENIGN
988,3521,0,BENIGN
1547,7525,0,BENIGN
650,2126,0,BENIGN
969,7632,0,BENIGN
2638,6773,0,BENIGN
1101,8716,0,BENIGN
441,4404,0,BENIGN
770,5492,0,BENIGN
1344,3343,0,ANOMALY
4359,1106,0,BENIGN
3730,4154,0,BENIGN
3907,5053,0,BENIGN
1578,5801,0,BENIGN
4009,7139,0,BENIGN
3352,6580,1,BENIGN
4796,1214,0,BENIGN
2350,6400,0,BENIGN
3603,7875,0,BENIGN
1242,5289,0,BENIGN
1126,5253,1,BENIGN
2602,9656,0,BENIGN
1191,7247,0,BENIGN
4132,7177,0,BENIGN
4840,8269,0,BENIGN
4449,3372,0,BENIGN
73,7834,0,ANOMALY
1915,9783,0,BENIGN
2473,7617,0,BENIGN
3047,6150,0,BENIGN
708,9102,0,ANOMALY
1805,5158,0,BENIGN
3714,8727,1,BENIGN
2565,6206,0,BENIGN
2476,1303,0,BENIGN
3611,1333,0,BENIGN
4256,5506,0,BENIGN
2824,3331,0,BENIGN
1736,5561,0,BENIGN
1586,1079,0,BENIGN
67,4763,0,BENIGN
3062,6196,0,BENIGN
2429,1732,0,BENIGN
4154,4976,0,BENIGN
342,6659,0,BENIGN
2775,2384,0,BENIGN
2818,3124,1,BENIGN
2662,7652,0,ANOMALY
1233,6283,0,BENIGN
3875,8176,0,BENIGN
2402,7605,0,BENIGN
1495,6707,0,ANOMALY
4212,3292,0,BENIGN
662,9376,0,BENIGN
3884,1997,0,BENIGN
3620,5664,0,BENIGN
1869,3357,0,BENIGN
2335,6491,0,BENIGN
3375,2679,0,BENIGN
1017,6715,0,BENIGN
4407,5886,0,BENIGN
208,8440,0,BENIGN
2666,7821,0,BENIGN
2494,4527,0,BENIGN
633,7813,0,BENIGN
2103,3745,0,BENIGN
2960,5090,0,BENIGN
3084,7158,0,BENIGN
4753,9561,0,BENIGN
1932,8471,0,BENIGN
3720,4743,0,BENIGN
2563,8008,0,BENIGN
1680,4324,0,BENIGN
237,9632,0,BENIGN
4444,4257,0,BENIGN
4726,1226,1,BENIGN
1541,3401,0,BENIGN
3944,5718,0,BENIGN
364,2024,0,BENIGN
2369,6672,0,BENIGN
286,8727,0,BENIGN
149,6280,0,BENIGN
4038,1870,0,BENIGN
4552,4199,1,BENIGN
1767,2745,0,BENIGN
4896,6270,0,BENIGN
1013,9635,0,BENIGN
2832,6886,1,BENIGN
2508,6590,0,BENIGN
1524,8897,0,ANOMALY
2786,9664,0,BENIGN
2557,9271,0,BENIGN
3726,6158,0,BENIGN
4577,9431,0,BENIGN
1602,1589,0,ANOMALY
2409,2884,0,BENIGN
341,6399,0,BENIGN
2818,9503,0,BENIGN
2497,2076,1,BENIGN
4931,8235,1,BENIGN
1726,7837,0,ANOMALY
1690,1033,1,BENIGN
3268,2841,0,BENIGN
4407,5481,0,BENIGN
262,9440,0,BENIGN
1443,2134,0,BENIGN
406,8261,0,BENIGN
2191,6298,0,BENIGN
4438,8017,0,ANOMALY
244,8771,0,BENIGN
4586,9567,0,BENIGN
4108,9915,0,BENIGN
561,2913,0,BENIGN
4138,5297,1,BENIGN
2726,2942,0,BENIGN
594,5004,1,BENIGN
1827,2331,0,BENIGN
3230,8890,0,BENIGN
3288,5588,0,BENIGN
4074,1337,0,BENIGN
134,8066,0,BENIGN
3139,8813,0,BENIGN
3920,9983,0,BENIGN
73,4611,0,BENIGN
4495,4700,0,BENIGN
4226,7118,0,BENIGN
2979,8105,0,BENIGN
4362,3673,0,BENIGN
1986,3122,0,BENIGN
793,8082,0,BENIGN
4260,9250,0,BENIGN
95,3062,0,BENIGN
1134,2254,0,BENIGN
4918,4688,0,BENIGN
238,4748,0,BENIGN
2947,7342,0,BENIGN
2531,5130,1,BENIGN
1961,5257,1,BENIGN
1049,4029,0,ANOMALY
2530,3846,0,BENIGN
2965,9662,1,BENIGN
964,5035,0,BENIGN
537,3899,0,BENIGN
4224,5443,0,BENIGN
3680,5789,0,BENIGN
4188,1912,0,BENIGN
3725,5242,0,BENIGN
543,8541,0,BENIGN
846,2711,0,BENIGN
3604,9866,0,BENIGN
3037,2439,0,BENIGN
2495,6613,0,BENIGN
4486,4630,0,BENIGN
2720,6375,1,BENIGN
1885,8103,0,BENIGN
4139,9877,0,BENIGN
4350,5216,0,ANOMALY
3202,3466,0,BENIGN
2711,8824,0,BENIGN
1954,5124,0,BENIGN
4738,1965,0,BENIGN
3851,7928,0,BENIGN
690,7096,0,ANOMALY
1951,7157,1,BENIGN
457,9120,0,BENIGN
2131,2508,0,BENIGN
3977,1871,0,BENIGN
4245,1863,0,BENIGN
1180,4055,0,BENIGN
4286,6133,0,ANOMALY
3566,3682,0,BENIGN
883,6278,0,BENIGN
400,6448,0,BENIGN
609,1613,1,BENIGN
1639,2872,0,BENIGN
2149,8723,0,BENIGN
1383,8189,0,BENIGN
1404,6386,0,BENIGN
820,7942,0,BENIGN
3293,9759,0,BENIGN
820,1244,0,BENIGN
420,1020,0,BENIGN
4220,9585,0,BENIGN
4518,6767,1,BENIGN
3303,4515,0,BENIGN
1509,2910,0,BENIGN
768,9481,1,BENIGN
2045,6882,0,BENIGN
2140,9552,0,BENIGN
3030,9076,0,BENIGN
1550,2622,0,ANOMALY
1765,5314,0,BENIGN
2646,3453,0,BENIGN
3717,3015,0,BENIGN
4606,3800,1,BENIGN
4482,9772,0,BENIGN
2294,7752,0,BENIGN
4838,8453,0,BENIGN
2709,3853,0,BENIGN
901,3236,0,BENIGN
3085,5176,0,BENIGN
2010,3155,0,BENIGN
242,6698,0,BENIGN
2386,7829,0,BENIGN
4269,9537,0,BENIGN
672,2886,0,BENIGN
164,7471,0,BENIGN
465,9746,1,BENIGN
3043,4770,0,BENIGN
4593,9391,1,BENIGN
4796,3940,1,BENIGN
2443,4490,1,BENIGN
4799,8899,0,BENIGN
2356,1306,1,BENIGN
4279,4075,0,ANOMALY
4725,2656,0,BENIGN
2558,8244,0,BENIGN
546,7611,0,BENIGN
4720,7322,0,BENIGN
3836,3692,0,ANOMALY
594,2764,0,BENIGN
4840,1275,0,BENIGN
3805,6271,0,BENIGN
1460,8331,0,BENIGN
3494,6025,0,BENIGN
2602,5050,0,BENIGN
2445,9080,0,BENIGN
2673,4460,1,BENIGN
4201,4835,0,BENIGN
17,5278,0,BENIGN
3192,2844,0,BENIGN
393,1071,0,BENIGN
425,8386,0,BENIGN
572,7862,0,BENIGN
3632,8340,0,BENIGN
1121,8635,0,BENIGN
242,2043,0,BENIGN
3898,4042,0,ANOMALY
4096,1814,0,BENIGN
2280,6622,0,BENIGN
789,8332,0,BENIGN
715,1309,1,BENIGN
4855,7661,0,BENIGN
2850,5227,0,BENIGN
776,2877,0,BENIGN
4027,3486,0,BENIGN
2248,7886,0,ANOMALY
79,5835,0,BENIGN
3927,1794,0,ANOMALY
856,7786,0,BENIGN
2149,5014,0,BENIGN
1032,8392,0,BENIGN
4941,6353,0,BENIGN
3272,4407,0,BENIGN
3577,1974,0,BENIGN
4183,5237,0,BENIGN
3457,8248,0,BENIGN
3507,5369,0,BENIGN
408,9050,1,BENIGN
2712,1464,0,BENIGN
3089,6327,0,BENIGN
1669,6415,0,BENIGN
148,9115,0,ANOMALY
4328,1287,0,BENIGN
3898,4195,0,BENIGN
1951,2992,0,BENIGN
366,8450,0,BENIGN
1675,3925,0,BENIGN
4532,2120,0,BENIGN
4495,6310,0,BENIGN
2547,1446,0,BENIGN
563,7627,0,BENIGN
3563,3896,0,BENIGN
2490,1721,0,BENIGN
773,3163,0,BENIGN
2038,4980,0,BENIGN
3424,5502,0,BENIGN
2568,2725,0,BENIGN
1574,9885,0,BENIGN
3695,4413,0,BENIGN
3292,1494,0,BENIGN
1247,1947,0,BENIGN
3720,1022,0,BENIGN
3840,2128,0,BENIGN
360,1557,0,BENIGN
2377,4730,0,BENIGN
3010,6341,1,BENIGN
2994,7998,0,BENIGN
963,8182,0,BENIGN
3633,8034,0,BENIGN
1828,2656,0,BENIGN
1614,5173,0,BENIGN
1641,6441,0,BENIGN
2217,9998,0,BENIGN
4313,4312,0,BENIGN
378,9645,0,BENIGN
4215,3324,0,BENIGN
4286,6595,0,BENIGN
370,6984,0,BENIGN
2197,3511,0,BENIGN
3748,1362,0,BENIGN
652,4454,0,BENIGN
770,3798,0,BENIGN
2422,5620,0,BENIGN
781,4255,0,BENIGN
1717,2217,0,BENIGN
3984,2485,0,BENIGN
1312,6349,0,BENIGN
3360,8195,0,BENIGN
523,8750,0,BENIGN
522,7079,0,BENIGN
4879,9035,0,BENIGN
2321,2507,0,BENIGN
936,2003,0,BENIGN
2231,7403,0,BENIGN
4041,1925,0,BENIGN
4584,9275,0,BENIGN
4942,7583,0,BENIGN
3698,4927,0,BENIGN
2838,1985,0,BENIGN
4084,5231,0,BENIGN
2462,6302,0,BENIGN
3244,6291,0,BENIGN
3360,1908,0,BENIGN
686,6051,0,BENIGN
2161,3586,0,BENIGN
3989,2331,0,BENIGN
4067,7851,0,ANOMALY
1568,2806,0,BENIGN
39,1805,0,BENIGN
2545,5147,0,BENIGN
4876,1071,0,BENIGN
1257,1027,0,BENIGN
2991,9660,0,BENIGN
2197,4983,0,BENIGN
3469,9955,0,BENIGN
2709,8055,0,BENIGN
302,7690,0,BENIGN
647,4832,0,BENIGN
4759,1559,0,BENIGN
1760,8957,0,BENIGN
4352,4831,0,BENIGN
598,8344,0,BENIGN
662,6171,0,BENIGN
4331,1078,0,BENIGN
1369,5929,0,BENIGN
2582,4647,0,BENIGN
3869,2031,0,BENIGN
3538,8381,0,BENIGN
4866,3072,0,BENIGN
4309,7911,0,BENIGN
4559,7088,0,BENIGN
283,2484,0,BENIGN
3679,6838,0,ANOMALY
1487,2550,0,BENIGN
4083,6497,0,BENIGN
4184,5682,0,BENIGN
461,2829,0,BENIGN
2326,4751,0,BENIGN
3755,7081,0,BENIGN
2469,7601,0,BENIGN
1725,5459,0,BENIGN
1377,4856,0,BENIGN
2744,7182,1,ANOMALY
515,7083,0,BENIGN
703,8970,0,BENIGN
1654,3094,0,BENIGN
2067,7238,0,BENIGN
23,4032,0,BENIGN
2461,2548,0,BENIGN
1305,9559,0,BENIGN
3301,1064,0,BENIGN
362,4299,0,BENIGN
3728,5849,0,BENIGN
1285,6639,0,BENIGN
515,3035,1,ANOMALY
449,6674,0,BENIGN
1856,3228,0,BENIGN
4970,6620,1,BENIGN
3563,1596,0,BENIGN
2521,4606,0,BENIGN
3082,4889,0,BENIGN
1429,4506,0,BENIGN
3968,2395,1,BENIGN
923,8529,0,BENIGN
3138,9303,0,BENIGN
2160,1452,0,BENIGN
2548,8336,0,BENIGN
2980,3631,0,BENIGN
2282,3186,0,BENIGN
2650,6967,0,BENIGN
314,7374,0,BENIGN
2614,6358,0,BENIGN
3084,5348,0,ANOMALY
2257,2459,0,BENIGN
1038,2942,0,BENIGN
3490,6422,0,BENIGN
2635,6196,0,BENIGN
3984,1061,0,BENIGN
1779,2494,0,BENIGN
3896,2180,1,BENIGN
1125,7268,0,BENIGN
698,3788,0,BENIGN
2180,5636,0,BENIGN
1405,5721,1,BENIGN
1044,6710,0,BENIGN
1930,8702,0,BENIGN
1014,1105,0,BENIGN
227,5087,0,BENIGN
1829,4925,0,BENIGN
4918,2908,0,BENIGN
2024,3049,0,BENIGN
4967,9172,0,ANOMALY
2453,4904,0,BENIGN
2086,4796,0,BENIGN
4284,1292,0,BENIGN
1081,7266,0,BENIGN
2321,7370,0,BENIGN
3191,5860,0,BENIGN
2631,4729,0,BENIGN
2564,8962,0,BENIGN
3293,6510,0,BENIGN
4622,9619,0,BENIGN
3587,7761,0,BENIGN
4432,7110,0,BENIGN
2948,7955,0,BENIGN
3960,1106,0,BENIGN
2814,5754,0,BENIGN
2584,6278,0,BENIGN
162,7408,0,BENIGN
594,8635,0,BENIGN
3260,2225,0,BENIGN
4156,5250,0,BENIGN
2963,1895,0,BENIGN
3889,2620,0,BENIGN
3391,6088,0,ANOMALY
4502,6419,1,BENIGN
664,2385,0,BENIGN
1133,3433,0,BENIGN
542,2301,0,BENIGN
2975,7858,0,BENIGN
868,9950,0,BENIGN
2067,9938,0,BENIGN
432,9784,0,BENIGN
4836,6644,0,BENIGN
4279,6088,0,BENIGN
1207,6440,0,BENIGN
2529,8493,0,BENIGN
1170,7291,0,ANOMALY
831,4307,0,BENIGN
1652,9894,0,BENIGN
1137,5708,0,BENIGN
2811,1104,0,BENIGN
476,4833,0,BENIGN
2811,1395,0,BENIGN
1327,4517,0,BENIGN
1020,4291,0,BENIGN
1837,3010,0,BENIGN
4257,5537,0,BENIGN
2449,5968,0,BENIGN
4294,5762,0,BENIGN
1284,2051,0,BENIGN
660,3841,0,ANOMALY
2011,7618,1,BENIGN
399,5723,0,BENIGN
1734,8472,0,BENIGN
2126,8913,0,BENIGN
2172,6524,0,BENIGN
75,4584,0,BENIGN
4698,9539,0,BENIGN
3472,2263,0,BENIGN
837,5665,0,BENIGN
500,9014,0,BENIGN
138,2351,0,BENIGN
2098,7980,0,ANOMALY
3697,8190,0,BENIGN
1886,4827,0,BENIGN
2758,9861,0,BENIGN
3921,3646,0,BENIGN
1901,1266,0,BENIGN
2611,8434,0,BENIGN
3987,2022,0,BENIGN
1450,8947,0,BENIGN
547,3037,0,BENIGN
4677,9756,0,BENIGN
2004,8778,0,BENIGN
2097,2059,0,BENIGN
704,2424,0,BENIGN
2404,5123,1,BENIGN
1626,1219,0,BENIGN
3332,1405,0,BENIGN
4734,3318,0,BENIGN
2979,9983,0,BENIGN
4737,6058,0,BENIGN
2840,2309,0,BENIGN
3385,8621,0,BENIGN
2660,5929,1,BENIGN
1862,9702,0,BENIGN
2857,9683,0,BENIGN
686,2617,0,BENIGN
4284,2520,0,BENIGN
1620,8892,0,BENIGN
4644,2583,0,BENIGN
1432,7704,0,BENIGN
876,8988,0,ANOMALY
4714,7583,0,BENIGN
2462,2575,0,BENIGN
1366,7935,0,BENIGN
1244,7176,0,BENIGN
4999,3613,0,BENIGN
163,4892,0,BENIGN
1975,9653,0,BENIGN
3292,7733,0,BENIGN
270,5431,0,BENIGN
632,9112,0,BENIGN
906,2381,0,BENIGN
3472,4515,0,BENIGN
3254,5454,0,BENIGN
2015,8769,0,BENIGN
1642,7489,0,BENIGN
205,9384,0,BENIGN
582,4534,0,BENIGN
841,1755,0,BENIGN
1720,3525,0,BENIGN
2644,1827,0,BENIGN
2298,5748,0,BENIGN
875,3333,0,BENIGN
690,5946,0,BENIGN
4001,9302,0,BENIGN
3142,9046,0,BENIGN
1423,9984,0,BENIGN
672,8181,0,BENIGN
1172,4414,0,ANOMALY
3727,7457,0,BENIGN
944,7749,0,BENIGN
1450,1296,0,BENIGN
3738,1568,0,BENIGN
2540,6283,1,ANOMALY
3960,8664,0,BENIGN
4992,8511,0,BENIGN
4261,6465,0,BENIGN
2362,9263,0,BENIGN
3653,5382,0,BENIGN
3671,1065,0,BENIGN
1754,1879,0,ANOMALY
2353,9259,0,ANOMALY
1939,8222,0,BENIGN
371,6069,0,BENIGN
4949,4239,0,BENIGN
4480,1507,0,ANOMALY
1932,8704,0,BENIGN
425,2125,0,BENIGN
4725,1885,1,BENIGN
895,3841,0,BENIGN
598,8975,0,BENIGN
3063,7565,0,BENIGN
2337,7083,0,BENIGN
4689,5870,0,ANOMALY
1688,3525,0,BENIGN
573,5215,0,BENIGN
2091,2938,0,BENIGN
3670,4232,0,BENIGN
4273,4744,0,BENIGN
4625,7221,0,BENIGN
1634,4465,0,BENIGN
1518,1440,0,ANOMALY
4294,1461,0,BENIGN
2658,9803,0,ANOMALY
3649,6413,0,BENIGN
4949,6755,0,BENIGN
3589,6012,0,BENIGN
1538,4163,1,BENIGN
3138,7752,0,BENIGN
98,1005,0,BENIGN
3216,5776,0,BENIGN
4531,8038,0,BENIGN
4733,7414,0,BENIGN
3751,6739,0,BENIGN
3158,4970,0,BENIGN
4684,3606,0,BENIGN
344,1098,0,BENIGN
4667,1525,0,BENIGN
611,7337,0,BENIGN
1728,2180,0,BENIGN
2291,9067,0,BENIGN
1855,5491,0,BENIGN
2609,6922,0,BENIGN
2080,4071,0,BENIGN
2325,6641,0,BENIGN
4628,8381,0,BENIGN
1178,3792,0,BENIGN
1092,5778,0,BENIGN
4980,1014,0,BENIGN
2792,3415,0,ANOMALY
1750,3685,0,ANOMALY
2676,9159,0,ANOMALY
782,8926,1,BENIGN
3049,5100,0,BENIGN
2106,7374,0,BENIGN
3868,7004,0,BENIGN
4977,6521,0,BENIGN
4543,8155,0,BENIGN
2114,4297,0,BENIGN
3971,3633,0,ANOMALY
1992,4890,0,BENIGN
1068,1791,0,BENIGN
1578,1151,0,ANOMALY
1012,4063,0,BENIGN
2275,7367,0,ANOMALY
4870,8904,0,BENIGN
1815,3091,0,BENIGN
2427,5599,0,BENIGN
4403,8408,0,BENIGN
4875,3977,0,BENIGN
2552,1842,0,BENIGN
3658,4793,0,BENIGN
8,2659,0,BENIGN
2556,9789,0,BENIGN
476,6162,0,BENIGN
2212,7446,0,BENIGN
485,5270,0,BENIGN
4655,4603,0,BENIGN
2286,7764,0,BENIGN
4564,2216,0,BENIGN
3526,3291,0,BENIGN
3340,4811,0,BENIGN
2823,5993,0,BENIGN
4944,6142,0,BENIGN
2925,7862,0,BENIGN
259,7533,0,BENIGN
283,8526,0,BENIGN
1899,3978,0,BENIGN
4136,6347,0,BENIGN
2977,8933,0,BENIGN
2268,5595,0,BENIGN
3201,7211,0,BENIGN
613,3170,0,BENIGN
688,9527,0,BENIGN
3691,4021,0,BENIGN
613,9970,0,BENIGN
2308,8836,1,BENIGN
3014,2185,0,BENIGN
1782,4285,1,BENIGN
2592,4447,0,BENIGN
2697,4991,0,BENIGN
3959,5899,0,BENIGN
575,2935,1,BENIGN
1911,9825,0,BENIGN
3605,2285,0,BENIGN
670,9545,0,BENIGN
4365,8479,0,BENIGN
1284,6255,0,BENIGN
924,2885,0,BENIGN
1126,6062,1,BENIGN
1530,8066,0,BENIGN
1595,4022,0,ANOMALY
247,6265,0,BENIGN
3712,2547,0,BENIGN
1561,5204,0,BENIGN
2401,8590,0,BENIGN
2244,2368,0,BENIGN
3865,2757,0,BENIGN
1940,5917,0,BENIGN
3070,4484,0,BENIGN
227,4052,0,BENIGN
3548,9382,1,BENIGN
265,1932,0,BENIGN
1396,5237,0,BENIGN
3558,8240,0,BENIGN
646,4238,0,BENIGN
2991,1565,0,BENIGN
1900,6378,0,BENIGN
2505,6558,0,BENIGN
2773,1743,0,ANOMALY
1155,9864,0,BENIGN
588,9722,0,BENIGN
4572,6409,0,BENIGN
1822,9753,0,BENIGN
986,6629,0,ANOMALY
4080,7318,0,BENIGN
3349,1301,0,ANOMALY
3832,4767,0,BENIGN
1242,5280,0,BENIGN
190,8506,0,BENIGN
981,9701,0,BENIGN
1699,7962,0,BENIGN
1716,6429,0,ANOMALY
2594,8248,0,BENIGN
4137,4445,0,BENIGN
4434,3203,0,BENIGN
1099,3834,0,BENIGN
2327,9986,0,BENIGN
3248,3479,0,BENIGN
896,5856,0,BENIGN
1675,1434,0,BENIGN
2910,2706,0,BENIGN
931,9260,0,BENIGN
4385,6725,0,BENIGN
724,2904,0,BENIGN
2941,8018,0,BENIGN
1090,4959,0,BENIGN
4579,7825,0,BENIGN
936,7347,0,BENIGN
2296,7156,1,BENIGN
156,3713,0,ANOMALY
1071,7194,0,BENIGN
1959,7512,0,BENIGN
2502,7867,0,BENIGN
4220,4727,0,BENIGN
3831,4546,0,BENIGN
855,3303,0,ANOMALY
640,4681,0,BENIGN
2239,8852,0,BENIGN
1603,4221,0,BENIGN
442,5374,0,BENIGN
4629,2082,0,BENIGN
1337,9637,0,BENIGN
3701,2592,0,ANOMALY
949,6608,0,BENIGN
3374,6526,0,BENIGN
460,6179,0,BENIGN
4647,7472,0,BENIGN
393,3775,0,BENIGN
3939,2590,0,BENIGN
1788,7004,0,BENIGN
4941,8230,1,BENIGN
2258,3231,0,BENIGN
1139,6118,0,BENIGN
3809,7454,0,BENIGN
4742,8960,0,BENIGN
2455,2561,0,BENIGN
1467,4646,0,ANOMALY
3675,8596,1,BENIGN
1378,8240,0,BENIGN
2598,5942,0,ANOMALY
142,4238,0,BENIGN
2660,2600,0,BENIGN
4597,6700,0,BENIGN
840,7071,0,BENIGN
3619,1709,0,BENIGN
3918,3971,0,BENIGN
596,1793,0,BENIGN
1905,4099,0,BENIGN
281,7030,0,BENIGN
424,6765,0,ANOMALY
4366,1026,0,BENIGN
4250,7693,0,BENIGN
1751,6322,0,BENIGN
4758,9276,0,BENIGN
1968,6951,0,ANOMALY
4089,4101,1,BENIGN
4179,7609,0,BENIGN
2947,6309,0,BENIGN
1450,1011,0,BENIGN
2332,8770,0,BENIGN
2221,6413,1,BENIGN
3790,6774,0,BENIGN
2811,1179,0,BENIGN
4729,1796,0,BENIGN
1532,8279,0,BENIGN
4883,8188,0,BENIGN
2991,8312,0,BENIGN
4494,3024,0,BENIGN
1144,8666,0,BENIGN
934,4217,0,BENIGN
1461,7584,0,BENIGN
2724,6285,0,BENIGN
2513,8370,0,BENIGN
286,2519,0,BENIGN
265,7611,0,BENIGN
2368,7856,0,BENIGN
3448,3432,0,BENIGN
4917,7457,0,BENIGN
1763,5866,0,BENIGN
3049,6054,0,BENIGN
2382,3070,0,BENIGN
2270,2781,0,BENIGN
41,9530,0,BENIGN
68,2516,1,BENIGN
988,6491,0,ANOMALY
4009,6949,0,BENIGN
3199,4290,0,BENIGN
4791,5570,0,BENIGN
2525,2379,0,BENIGN
1086,8670,0,BENIGN
2480,1800,0,BENIGN
1694,6267,0,ANOMALY
2316,4495,0,BENIGN
779,4257,0,BENIGN
4590,7558,0,BENIGN
1586,1981,0,BENIGN
1493,3088,0,BENIGN
661,3952,0,BENIGN
1349,3126,0,ANOMALY
1300,5812,0,BENIGN
3941,9063,0,BENIGN
1987,4861,0,BENIGN
2045,6903,0,BENIGN
3517,3591,0,BENIGN
1059,4322,0,BENIGN
977,7437,0,BENIGN
4578,9801,0,BENIGN
728,3861,0,BENIGN
2528,2655,0,BENIGN
3137,2755,0,BENIGN
343,9237,0,BENIGN
1448,7227,0,BENIGN
2380,5638,0,BENIGN
3660,3567,0,BENIGN
527,4123,0,BENIGN
1897,6164,0,ANOMALY
4755,8081,0,BENIGN
2074,5907,0,BENIGN
4916,5962,0,ANOMALY
406,8150,0,BENIGN
1574,2766,0,BENIGN
4601,4549,0,BENIGN
3741,3309,0,BENIGN
4275,2976,1,BENIGN
4228,8180,0,BENIGN
1847,3490,0,BENIGN
1479,9917,1,BENIGN
2396,5381,0,BENIGN
772,6987,0,ANOMALY
579,8425,0,BENIGN
2902,4619,0,BENIGN
194,7060,0,BENIGN
2008,9689,0,BENIGN
1186,4976,0,BENIGN
2395,1704,0,ANOMALY
2999,6452,0,ANOMALY
1793,7094,0,BENIGN
1111,4681,0,BENIGN
4006,5138,0,BENIGN
2262,2916,1,BENIGN
3737,8501,0,BENIGN
3794,2845,0,BENIGN
1937,5654,0,BENIGN
4876,7413,0,BENIGN
4358,9111,0,BENIGN
730,8990,0,BENIGN
4379,4090,0,BENIGN
3452,2370,0,BENIGN
4458,2928,1,BENIGN
4537,2636,0,BENIGN
2141,7180,0,BENIGN
1645,9283,0,BENIGN
2801,2843,1,BENIGN
4963,9376,0,BENIGN
142,1831,0,BENIGN
1456,6538,0,BENIGN
4797,6315,0,ANOMALY
2097,9455,0,BENIGN
1326,6327,0,BENIGN
4977,2286,0,BENIGN
1214,2529,0,BENIGN
1160,7655,0,BENIGN
4651,2877,0,BENIGN
4500,6431,0,BENIGN
4988,3478,0,BENIGN
4698,1100,0,BENIGN
341,4087,0,BENIGN
3829,6828,0,BENIGN
1969,8425,0,BENIGN
704,3291,0,BENIGN
4414,6467,0,ANOMALY
2430,9296,0,BENIGN
1801,1693,0,BENIGN
4913,6786,0,BENIGN
4649,6406,0,BENIGN
856,4491,0,BENIGN
1813,4392,0,BENIGN
2867,3268,0,BENIGN
3643,6632,0,BENIGN
183,4783,0,BENIGN
3113,6973,0,BENIGN
4493,6969,0,BENIGN
1518,9981,0,BENIGN
1357,5648,0,ANOMALY
2175,5939,0,BENIGN
3630,9850,0,BENIGN
3629,9024,0,BENIGN
4097,8857,0,BENIGN
3240,2018,0,BENIGN
3692,2953,0,BENIGN
19,4657,0,ANOMALY
3404,5846,0,BENIGN
4680,3296,0,BENIGN
4552,1774,0,BENIGN
3005,3811,0,BENIGN
1133,4182,0,BENIGN
3340,8867,0,BENIGN
3312,5329,0,BENIGN
3373,7167,0,BENIGN
988,4097,0,BENIGN
3322,2404,0,BENIGN
4616,6101,0,BENIGN
4955,2369,0,BENIGN
174,6497,1,BENIGN
3742,7665,0,BENIGN
3053,3064,0,BENIGN
727,3765,0,BENIGN
3761,3817,0,BENIGN
1876,8791,0,BENIGN
4034,1716,0,BENIGN
990,5040,0,BENIGN
3745,2711,0,BENIGN
2687,6367,0,BENIGN
420,7261,0,ANOMALY
594,1008,1,BENIGN
1775,9789,0,BENIGN
2460,5118,0,BENIGN
936,7086,0,BENIGN
3809,7383,0,ANOMALY
332,4667,0,BENIGN
3450,3246,0,BENIGN
2703,4626,0,BENIGN
4007,3822,0,BENIGN
3869,9283,0,BENIGN
4201,1850,0,BENIGN
202,2107,0,BENIGN
2498,1299,0,BENIGN
1843,9102,0,BENIGN
1867,6400,0,BENIGN
1997,2082,0,BENIGN
910,9167,0,BENIGN
4306,3800,0,BENIGN
4659,4951,0,BENIGN
3190,9967,0,BENIGN
771,7768,0,BENIGN
3156,2452,0,BENIGN
2502,2681,0,BENIGN
2715,3303,0,BENIGN
4725,8157,0,BENIGN
3586,2851,0,BENIGN
1629,2897,0,BENIGN
387,6825,0,BENIGN
3422,9806,0,BENIGN
4009,1244,0,BENIGN
4094,9948,0,BENIGN
4364,4807,0,BENIGN
2467,3779,0,BENIGN
2283,2846,0,BENIGN
1857,8021,0,BENIGN
1999,1473,0,BENIGN
1237,5131,0,BENIGN
4670,2792,0,BENIGN
4145,2734,1,ANOMALY
1151,8215,0,BENIGN
4319,8229,0,BENIGN
1432,6188,0,ANOMALY
1820,6281,0,BENIGN
2325,6858,0,BENIGN
1131,1944,0,BENIGN
2659,2511,0,BENIGN
3501,5081,0,BENIGN
375,7118,0,BENIGN
2121,1858,0,BENIGN
4021,4560,0,BENIGN
2022,9421,0,BENIGN
3706,9369,0,BENIGN
3260,3615,0,BENIGN
3436,2613,0,BENIGN
1890,3840,0,BENIGN
1824,2774,0,BENIGN
1475,4871,0,BENIGN
2243,9273,0,BENIGN
3244,1845,0,BENIGN
3135,4260,0,BENIGN
2071,4145,0,BENIGN
360,8802,0,BENIGN
2042,3263,0,ANOMALY
1142,9636,0,BENIGN
1636,9155,0,BENIGN
4001,1922,0,BENIGN
1944,7695,0,BENIGN
4775,5288,0,BENIGN
3362,6758,0,BENIGN
2981,9131,0,ANOMALY
7,3630,0,ANOMALY
3268,8816,0,BENIGN
1592,8556,0,BENIGN
4929,6930,0,BENIGN
3265,8000,0,BENIGN
2607,4512,0,BENIGN
3220,7066,0,BENIGN
3274,4722,0,BENIGN
914,6648,0,BENIGN
2012,3060,0,ANOMALY
1443,4034,0,BENIGN
3055,3387,0,BENIGN
3547,8008,0,BENIGN
4222,9031,0,BENIGN
4913,2799,0,BENIGN
2929,5407,0,BENIGN
1830,3780,0,BENIGN
576,2127,0,BENIGN
930,9530,0,BENIGN
3760,8365,0,BENIGN
3700,8611,0,BENIGN
1464,8535,0,ANOMALY
3276,3808,0,BENIGN
4929,5297,0,BENIGN
1055,5559,0,BENIGN
1901,1448,0,BENIGN
1458,6008,0,ANOMALY
1400,5893,0,BENIGN
3416,1793,0,BENIGN
443,1436,0,BENIGN
3651,7012,0,BENIGN
4653,6869,0,BENIGN
1179,2620,0,BENIGN
4459,5308,0,BENIGN
1258,1948,1,BENIGN
3635,4944,1,BENIGN
1842,1191,0,BENIGN
2310,2403,0,BENIGN
911,2990,0,BENIGN
4341,2104,0,BENIGN
4638,1548,0,BENIGN
4010,6761,0,BENIGN
2170,9762,0,BENIGN
2173,8903,0,BENIGN
124,2784,0,BENIGN
3159,1804,0,BENIGN
786,9990,0,BENIGN
2417,9802,0,BENIGN
797,8517,0,ANOMALY
4173,7831,0,ANOMALY
4155,7917,0,BENIGN
1937,5238,0,BENIGN
2157,4260,0,BENIGN
3808,5367,0,BENIGN
1302,6651,0,BENIGN
4164,4371,0,BENIGN
3141,3093,0,BENIGN
3237,5001,0,BENIGN
2353,7556,0,BENIGN
1933,8810,0,BENIGN
2722,5554,0,BENIGN
365,3517,0,BENIGN
4917,9697,0,BENIGN
2391,6805,0,BENIGN
947,2096,0,BENIGN
1378,8061,0,BENIGN
1440,3204,0,BENIGN
3181,4902,0,BENIGN
4858,2352,0,ANOMALY
341,2596,0,BENIGN
2990,9767,0,BENIGN
383,7980,0,BENIGN
1557,1679,0,BENIGN
300,4712,0,ANOMALY
139,9509,0,BENIGN
359,6301,0,BENIGN
4932,6734,0,BENIGN
1523,8981,0,BENIGN
3457,6892,0,BENIGN
1628,4696,0,BENIGN
1304,8129,0,BENIGN
1135,3996,0,BENIGN
2187,8237,0,BENIGN
3171,8327,1,ANOMALY
3836,8407,0,BENIGN
2152,3542,0,BENIGN
1238,1678,0,BENIGN
3736,6366,0,ANOMALY
2835,6643,0,BENIGN
4261,8410,0,BENIGN
999,6541,0,BENIGN
2568,1834,0,BENIGN
1308,7026,0,BENIGN
657,9472,0,BENIGN
2661,8970,0,ANOMALY
2212,7818,0,BENIGN
1910,6028,1,BENIGN
3731,5703,0,BENIGN
2047,2772,0,BENIGN
3163,3164,0,BENIGN
1141,8111,0,BENIGN
267,9383,0,BENIGN
1846,3835,0,BENIGN
1709,3665,0,BENIGN
3631,7113,0,BENIGN
3212,3563,0,BENIGN
2294,9498,0,BENIGN
3733,9131,0,BENIGN
3830,9723,0,BENIGN
1511,3696,0,BENIGN
476,5687,0,BENIGN
977,8321,0,BENIGN
1208,8013,1,BENIGN
1961,8704,0,BENIGN
558,6571,0,BENIGN
883,8336,0,BENIGN
2195,1058,0,BENIGN
4762,2140,0,ANOMALY
2668,3562,0,BENIGN
4960,3852,0,ANOMALY
4678,7641,0,BENIGN
4791,1941,0,BENIGN
1611,7541,0,BENIGN
3489,8430,0,BENIGN
2455,2421,0,BENIGN
4495,6765,0,BENIGN
1947,1435,0,BENIGN
4811,1839,0,BENIGN
4800,5001,0,BENIGN
2809,6248,0,BENIGN
3826,5959,0,BENIGN
3537,2650,0,BENIGN
3803,6828,1,ANOMALY
4178,3261,0,BENIGN
4700,6894,0,BENIGN
1971,7278,0,BENIGN
3823,4889,0,BENIGN
2820,7897,0,BENIGN
903,2326,0,ANOMALY
365,6901,0,BENIGN
4259,4358,0,BENIGN
3120,2585,0,BENIGN
2559,6645,1,BENIGN
1864,1388,0,BENIGN
116,3791,0,BENIGN
2385,4332,0,BENIGN
4977,1703,0,BENIGN
3936,6834,0,BENIGN
4936,3820,0,BENIGN
2491,9053,0,BENIGN
943,5959,0,BENIGN
1725,2059,0,BENIGN
2335,2301,0,BENIGN
2768,9865,0,ANOMALY
1138,8696,0,BENIGN
2528,5299,0,BENIGN
4118,7071,0,BENIGN
3421,5112,0,BENIGN
4779,8881,0,BENIGN
3907,9401,0,BENIGN
3638,1498,0,BENIGN
2954,9620,0,BENIGN
2368,8245,0,BENIGN
4222,3105,0,BENIGN
277,6327,0,BENIGN
2000,6630,0,BENIGN
1228,4206,0,BENIGN
3753,8137,0,BENIGN
3736,3569,0,BENIGN
696,3628,0,BENIGN
1310,7764,0,BENIGN
4153,2067,0,BENIGN
3235,2506,0,BENIGN
4115,4013,0,BENIGN
2312,7642,0,ANOMALY
2842,5066,0,BENIGN
4209,1947,0,BENIGN
3560,5389,0,BENIGN
3399,9143,0,BENIGN
542,2171,0,ANOMALY
2695,7114,0,BENIGN
4675,1171,0,BENIGN
1089,6682,0,BENIGN
3364,6856,0,BENIGN
25,7209,0,BENIGN
1573,4577,0,BENIGN
2959,9380,1,BENIGN
4237,5076,0,BENIGN
1768,1157,0,ANOMALY
4744,8777,0,BENIGN
2236,3717,0,BENIGN
201,9437,0,BENIGN
3199,3795,0,BENIGN
257,8200,0,BENIGN
3748,8528,0,BENIGN
4643,3377,0,BENIGN
2242,2810,0,BENIGN
3176,6190,0,BENIGN
3607,6432,0,BENIGN
3337,8895,0,BENIGN
4898,3126,0,BENIGN
414,7953,0,BENIGN
2015,4030,0,BENIGN
1382,7323,0,BENIGN
1099,6747,0,BENIGN
3427,6605,0,BENIGN
3656,6891,0,BENIGN
910,4076,0,BENIGN
188,3344,0,BENIGN
4045,1619,0,BENIGN
3757,3407,0,ANOMALY
2016,7260,0,BENIGN
2093,4004,0,BENIGN
3645,4914,0,BENIGN
2131,4596,0,BENIGN
358,5039,0,BENIGN
2423,2304,0,ANOMALY
4258,6630,0,BENIGN
4546,8282,0,BENIGN
1498,4307,0,BENIGN
2159,2361,0,BENIGN
2556,7665,0,BENIGN
2343,5294,0,BENIGN
2952,2787,0,BENIGN
1239,2073,0,BENIGN
974,6902,0,BENIGN
4728,4599,0,BENIGN
3966,4055,0,BENIGN
1051,7476,0,BENIGN
3702,1659,0,BENIGN
2781,7320,0,BENIGN
1589,7513,0,BENIGN
3879,5642,1,BENIGN
2369,7373,0,BENIGN
437,5466,0,BENIGN
2829,6587,0,BENIGN
1557,3471,0,BENIGN
3859,7175,0,BENIGN
1305,9284,0,BENIGN
2385,2281,0,BENIGN
183,4177,0,BENIGN
1590,6667,0,BENIGN
1588,5511,0,BENIGN
660,4881,0,BENIGN
160,3413,0,BENIGN
3954,2544,0,BENIGN
1012,5784,0,BENIGN
53,6761,0,BENIGN
2308,8874,0,BENIGN
1229,7961,0,ANOMALY
1036,6626,0,BENIGN
3703,5514,0,BENIGN
4046,2145,1,BENIGN
4946,6450,1,BENIGN
4450,2566,0,BENIGN
1265,4005,0,BENIGN
1885,5507,0,BENIGN
1810,5248,0,BENIGN
3168,9283,0,BENIGN
3798,4992,0,BENIGN
2342,9522,0,BENIGN
3415,9027,0,BENIGN
818,6760,0,BENIGN
2438,9045,0,BENIGN
889,3977,0,BENIGN
668,6347,0,BENIGN
4729,5289,0,BENIGN
2625,1529,0,BENIGN
4233,3892,0,BENIGN
4524,8443,0,BENIGN
819,5734,0,BENIGN
2189,3525,0,BENIGN
1107,4761,0,BENIGN
2225,7141,1,BENIGN
198,3742,0,BENIGN
2672,5635,0,BENIGN
3493,5425,1,BENIGN
2449,9661,0,BENIGN
471,4830,0,BENIGN
1949,7992,0,BENIGN
3900,1533,0,BENIGN
2011,5562,0,BENIGN
3801,8120,0,BENIGN
4119,7563,0,BENIGN
3797,8289,0,BENIGN
3989,5087,0,BENIGN
235,9953,0,BENIGN
929,3355,0,BENIGN
3608,2955,0,BENIGN
523,3971,0,BENIGN
3524,6539,0,BENIGN
4527,8493,0,BENIGN
4889,2672,0,BENIGN
1630,3836,0,BENIGN
4629,5927,0,BENIGN
1317,5939,0,BENIGN
2858,4644,0,BENIGN
1125,3297,0,BENIGN
2588,5061,0,BENIGN
1024,4166,0,BENIGN
1379,1183,0,BENIGN
3375,3846,0,BENIGN
1520,5722,0,BENIGN
227,1782,0,BENIGN
4969,2507,0,BENIGN
892,6855,0,ANOMALY
4073,8538,0,ANOMALY
2258,1676,0,BENIGN
2789,8250,0,ANOMALY
397,8813,0,BENIGN
2079,5090,0,BENIGN
4745,6723,0,ANOMALY
4425,3686,0,BENIGN
3238,9382,0,BENIGN
3894,9526,0,BENIGN
2006,8689,0,BENIGN
2017,2110,0,BENIGN
3172,1578,0,ANOMALY
2669,1061,0,ANOMALY
1879,1386,0,BENIGN
1197,3200,0,BENIGN
1773,2683,0,ANOMALY
162,7321,0,BENIGN
3977,9056,0,ANOMALY
1752,9678,0,BENIGN
776,8414,0,BENIGN
940,7643,0,BENIGN
3221,9732,0,ANOMALY
540,6631,0,BENIGN
4918,8945,0,BENIGN
1462,8726,0,BENIGN
356,6169,0,BENIGN
3605,7787,0,BENIGN
3324,5467,0,BENIGN
235,6232,0,BENIGN
1549,9130,0,BENIGN
2097,7196,0,BENIGN
4214,4907,0,BENIGN
2102,5288,0,ANOMALY
1674,7734,0,BENIGN
2101,2080,0,BENIGN
3658,7240,0,ANOMALY
4654,1197,0,BENIGN
3597,8814,0,BENIGN
3749,8851,0,BENIGN
3174,2600,0,BENIGN
1816,8462,0,BENIGN
3842,7866,0,BENIGN
2006,4692,0,ANOMALY
4494,9875,0,BENIGN
675,4083,0,BENIGN
387,4989,0,BENIGN
2159,1332,0,BENIGN
2662,7106,0,BENIGN
2065,8333,0,BENIGN
3852,7655,0,BENIGN
3254,6308,0,BENIGN
4980,5200,0,BENIGN
4637,3721,0,BENIGN
4267,9998,0,BENIGN
740,2064,0,BENIGN
1402,7820,0,BENIGN
3260,9512,0,BENIGN
2278,4957,0,BENIGN
3905,3382,1,BENIGN
3924,4231,0,BENIGN
4215,8008,0,BENIGN
3228,2500,0,ANOMALY
2832,2568,0,BENIGN
3759,6892,0,BENIGN
2513,4281,0,BENIGN
2152,5089,0,BENIGN
3676,2865,0,BENIGN
2746,6600,0,BENIGN
3867,7055,0,BENIGN
3765,1004,0,BENIGN
2223,8959,0,BENIGN
2793,2168,1,BENIGN
1698,3398,0,ANOMALY
3463,3630,0,BENIGN
4064,7608,0,BENIGN
1525,1347,0,BENIGN
4761,6861,0,BENIGN
33,4342,0,BENIGN
4026,7500,0,BENIGN
2567,3574,0,BENIGN
2804,4825,0,BENIGN
3897,5593,0,BENIGN
3710,6272,0,BENIGN
720,9244,0,BENIGN
4580,1148,0,BENIGN
973,9694,0,BENIGN
3719,1869,0,BENIGN
4403,4521,0,BENIGN
4553,4871,0,BENIGN
2208,2300,0,BENIGN
4427,8595,0,ANOMALY
4321,5833,0,BENIGN
3031,7670,0,BENIGN
3576,3451,0,BENIGN
3117,5385,0,BENIGN
3286,9530,0,BENIGN
644,3824,0,BENIGN
4712,7854,1,ANOMALY
195,6964,0,ANOMALY
3997,1986,0,BENIGN
489,9171,0,BENIGN
2205,4490,0,BENIGN
2658,9076,1,ANOMALY
3277,4767,0,BENIGN
1103,3006,0,BENIGN
1242,8925,0,BENIGN
516,4107,0,BENIGN
393,5468,0,BENIGN
631,4330,0,BENIGN
3717,9722,0,BENIGN
1848,1923,0,BENIGN
2656,7247,0,BENIGN
980,9432,0,BENIGN
4530,2896,0,BENIGN
3403,8883,0,BENIGN
3872,4324,0,BENIGN
278,1813,0,BENIGN
233,5750,0,BENIGN
1553,8618,0,BENIGN
3271,1782,1,BENIGN
2410,5055,0,BENIGN
3513,8789,0,BENIGN
26,9199,0,BENIGN
461,4139,0,BENIGN
3765,6007,0,ANOMALY
3432,5051,1,BENIGN
3484,8575,0,BENIGN
1995,9709,0,BENIGN
491,4190,0,BENIGN
1073,6637,0,BENIGN
3174,1578,0,BENIGN
216,9138,0,BENIGN
1724,5482,0,BENIGN
1593,2865,1,BENIGN
2607,6489,1,BENIGN
159,2376,0,BENIGN
4782,6408,0,BENIGN
3314,9163,0,BENIGN
2842,6058,0,BENIGN
1777,7283,0,BENIGN
2053,2976,0,BENIGN
2296,7443,0,BENIGN
1697,5759,0,BENIGN
2994,8595,0,BENIGN
2470,5920,0,BENIGN
1947,2887,0,BENIGN
3810,1991,0,BENIGN
2784,6228,0,BENIGN
3645,9046,0,BENIGN
2501,7450,1,BENIGN
3646,4604,0,BENIGN
2646,2083,0,BENIGN
2350,9626,0,BENIGN
1933,1020,0,ANOMALY
3295,2099,0,BENIGN
1758,7841,0,BENIGN
1117,3637,0,BENIGN
2568,9581,0,BENIGN
3500,8744,0,BENIGN
493,4413,0,BENIGN
3307,8457,0,BENIGN
620,2354,0,BENIGN
3233,7402,0,ANOMALY
3824,5521,0,BENIGN
2381,6125,0,BENIGN
1547,1005,0,BENIGN
4959,9382,0,BENIGN
3564,9339,0,BENIGN
1606,5353,0,BENIGN
3753,4550,0,BENIGN
4676,9031,0,BENIGN
1891,5105,0,BENIGN
1276,6083,0,BENIGN
2744,9816,0,BENIGN
2494,3175,0,ANOMALY
357,9737,0,BENIGN
870,6224,0,BENIGN
886,2195,0,BENIGN
2002,3069,0,BENIGN
1284,4358,0,BENIGN
620,3438,0,BENIGN
883,9808,0,BENIGN
797,5244,0,BENIGN
3643,4343,0,ANOMALY
3426,2811,0,BENIGN
1297,1171,0,BENIGN
4715,5142,0,BENIGN
245,1625,0,BENIGN
2896,6906,0,BENIGN
930,8983,0,ANOMALY
520,5063,0,BENIGN
3213,9644,0,ANOMALY
2410,9142,0,BENIGN
8,1753,0,BENIGN
2526,7851,0,BENIGN
3424,6104,0,BENIGN
2020,8343,0,BENIGN
4591,7926,0,BENIGN
4283,7827,0,BENIGN
3668,9359,0,BENIGN
3672,4685,0,BENIGN
2802,9277,0,BENIGN
86,2982,0,ANOMALY
3116,5944,0,BENIGN
4233,8892,0,ANOMALY
2469,9191,1,BENIGN
3620,9633,1,BENIGN
1637,9462,0,ANOMALY
3584,1343,0,BENIGN
4010,4081,1,BENIGN
3327,7637,0,BENIGN
2219,3291,0,BENIGN
2218,2532,0,BENIGN
4968,5362,0,BENIGN
2370,2653,0,BENIGN
3639,5988,0,BENIGN
2504,7344,0,ANOMALY
944,9430,0,BENIGN
2838,2438,0,ANOMALY
2661,4016,0,BENIGN
2937,9166,0,BENIGN
4445,7389,0,BENIGN
3948,6977,0,BENIGN
1677,4079,0,ANOMALY
1197,7295,1,BENIGN
4106,3258,0,BENIGN
2788,9558,0,BENIGN
1462,3991,0,BENIGN
3319,4741,0,BENIGN
667,1085,0,BENIGN
2177,3493,0,ANOMALY
3744,7447,0,BENIGN
601,9323,0,BENIGN
2653,8588,0,BENIGN
4423,1903,0,ANOMALY
3825,6083,0,BENIGN
3907,7190,0,BENIGN
980,3804,0,BENIGN
2452,2226,0,BENIGN
629,2284,0,BENIGN
1630,1689,0,BENIGN
3697,6143,0,BENIGN
3431,5782,0,BENIGN
3675,5881,1,BENIGN
3930,5507,0,BENIGN
2766,2996,0,BENIGN
4370,5381,0,BENIGN
4781,8680,0,BENIGN
116,1429,0,ANOMALY
4957,6700,0,BENIGN
2004,4781,0,BENIGN
693,9794,0,BENIGN
3163,9631,0,BENIGN
1106,6468,0,BENIGN
3009,5507,0,BENIGN
2162,1527,0,BENIGN
154,3996,0,BENIGN
3700,4467,0,BENIGN
4411,2361,0,BENIGN
3787,7817,0,BENIGN
1065,1703,0,BENIGN
4201,1662,0,BENIGN
1914,9556,0,BENIGN
1217,7256,0,BENIGN
2402,9367,0,ANOMALY
1773,6297,0,BENIGN
1961,9573,0,BENIGN
2781,6378,0,BENIGN
4805,1305,0,BENIGN
4747,6497,0,BENIGN
2872,5697,0,BENIGN
661,3390,1,BENIGN
2636,8222,0,ANOMALY
2330,8933,0,ANOMALY
3955,2465,0,BENIGN
2451,8852,0,BENIGN
1133,1402,0,BENIGN
700,7940,0,BENIGN
2039,3670,0,BENIGN
4648,9095,0,BENIGN
4501,9368,0,BENIGN
4558,5544,0,BENIGN
2180,9934,0,BENIGN
2839,6660,0,ANOMALY
874,7074,0,BENIGN
84,3348,0,BENIGN
1423,7850,0,ANOMALY
2676,5402,0,BENIGN
3181,1750,0,BENIGN
4317,5062,0,BENIGN
3976,8434,0,BENIGN
1392,9405,0,BENIGN
3219,2617,0,BENIGN
4208,3530,0,BENIGN
615,4333,0,BENIGN
2972,8234,0,BENIGN
3566,6768,0,BENIGN
3577,8707,0,BENIGN
4571,1511,0,BENIGN
271,6082,0,BENIGN
4067,7860,1,BENIGN
2469,1252,0,BENIGN
1391,5133,0,BENIGN
3355,9820,0,BENIGN
4136,4476,0,BENIGN
3608,2725,1,ANOMALY
2584,3093,0,BENIGN
4074,2701,0,BENIGN
3076,9496,0,BENIGN
3907,6834,0,BENIGN
290,5340,0,BENIGN
2481,3807,0,BENIGN
3253,7301,1,BENIGN
279,8572,0,BENIGN
2925,2024,0,BENIGN
581,3975,0,BENIGN
4959,9698,0,BENIGN
254,5856,0,BENIGN
4277,7724,0,BENIGN
4777,3567,0,BENIGN
825,5587,0,ANOMALY
3833,5922,0,BENIGN
700,6046,0,BENIGN
1381,3894,0,ANOMALY
3897,8203,0,BENIGN
1674,8478,0,BENIGN
2728,6274,0,BENIGN
3157,4613,0,ANOMALY
3389,1038,0,BENIGN
4308,4084,1,BENIGN
384,7265,0,BENIGN
342,7598,0,BENIGN
1988,3415,0,BENIGN
4060,1758,0,BENIGN
4940,5342,0,BENIGN
3110,8066,1,BENIGN
4083,4116,0,BENIGN
4516,1764,1,BENIGN
2799,5029,0,BENIGN
3241,7445,0,BENIGN
1989,8443,0,BENIGN
3415,2317,0,BENIGN
1850,1700,0,BENIGN
306,8527,0,BENIGN
3614,5383,0,BENIGN
2750,2593,0,BENIGN
4965,5145,0,BENIGN
1136,7707,0,BENIGN
206,7997,0,BENIGN
4592,8026,0,BENIGN
3451,3612,1,BENIGN
3812,8399,0,BENIGN
3623,2908,1,BENIGN
3600,7954,0,BENIGN
2552,2790,0,BENIGN
4309,9168,0,BENIGN
310,3928,0,BENIGN
2709,8681,0,BENIGN
1992,6251,0,BENIGN
272,5127,0,BENIGN
3643,5963,0,BENIGN
4087,6311,0,BENIGN
1823,9792,0,ANOMALY
3274,3025,0,BENIGN
4539,8815,0,BENIGN
4350,1987,0,ANOMALY
521,6310,0,BENIGN
977,2965,0,BENIGN
3723,8316,0,BENIGN
3552,1868,0,BENIGN
4106,3063,0,BENIGN
2774,2129,0,ANOMALY
2553,5378,0,ANOMALY
2833,6154,0,BENIGN
3908,7256,0,BENIGN
153,7451,0,BENIGN
2965,2934,0,BENIGN
2917,2076,0,BENIGN
2801,6200,0,BENIGN
1753,2639,0,BENIGN
2611,7385,0,BENIGN
3876,9222,0,BENIGN
1105,8996,1,BENIGN
2537,1703,0,BENIGN
4991,6480,0,BENIGN
4200,9424,0,BENIGN
3855,8777,0,BENIGN
3495,6362,0,BENIGN
1915,1950,0,BENIGN
3073,9250,0,BENIGN
1007,3818,0,BENIGN
407,4600,0,BENIGN
167,9493,0,BENIGN
509,8845,0,BENIGN
1662,3944,0,BENIGN
3665,7255,0,BENIGN
3490,8580,0,BENIGN
4859,9508,0,BENIGN
681,6264,0,BENIGN
2525,8518,0,BENIGN
2121,9122,0,BENIGN
4678,2178,0,ANOMALY
4358,4855,0,BENIGN
1364,9523,0,BENIGN
1332,7037,0,BENIGN
2293,1527,0,BENIGN
1539,3059,0,BENIGN
3409,1211,0,BENIGN
561,2714,0,BENIGN
1100,3688,0,BENIGN
1904,4266,0,BENIGN
175,6149,0,BENIGN
2157,2332,0,BENIGN
2231,7820,0,BENIGN
4288,6891,0,BENIGN
4161,5686,0,BENIGN
3921,5091,0,BENIGN
1498,1443,0,ANOMALY
3855,1926,0,BENIGN
3172,7246,0,BENIGN
1568,1622,0,BENIGN
1152,4037,0,BENIGN
369,1233,0,BENIGN
4947,3691,0,BENIGN
43,8402,0,BENIGN
1908,1386,0,BENIGN
3491,2634,0,BENIGN
2536,9110,0,BENIGN
4174,5133,0,BENIGN
2874,6581,0,BENIGN
1825,2967,0,BENIGN
1294,6568,0,BENIGN
4770,8284,0,BENIGN
4797,9432,1,ANOMALY
4855,6145,0,ANOMALY
3387,6767,0,BENIGN
2973,9753,1,BENIGN
3923,2999,0,BENIGN
4998,5901,0,ANOMALY
993,3779,1,BENIGN
2387,7192,0,BENIGN
2241,2677,0,BENIGN
1477,5177,0,BENIGN
3408,8211,0,BENIGN
390,8873,0,BENIGN
1000,4841,0,BENIGN
4621,8098,0,BENIGN
1856,7416,0,BENIGN
659,5885,0,BENIGN
2764,1594,0,BENIGN
3664,3612,1,BENIGN
4987,7359,1,BENIGN
1482,2496,0,BENIGN
3732,4555,0,BENIGN
452,5861,0,BENIGN
2476,5766,0,BENIGN
3223,4358,0,BENIGN
1538,1914,0,BENIGN
3094,2844,0,BENIGN
883,2995,0,ANOMALY
4409,8625,1,ANOMALY
4069,1094,0,BENIGN
4936,9684,0,BENIGN
2567,4069,0,BENIGN
3278,1149,0,BENIGN
375,2046,0,BENIGN
4547,3803,0,BENIGN
3698,6334,0,BENIGN
3063,9590,0,BENIGN
4691,5476,0,BENIGN
3251,8276,1,BENIGN
4596,1551,0,BENIGN
4560,9486,0,BENIGN
113,2143,0,BENIGN
3198,1455,0,BENIGN
2379,9360,0,ANOMALY
1925,2946,0,ANOMALY
140,7115,0,BENIGN
1425,8310,0,ANOMALY
2950,7180,0,BENIGN
3169,6817,0,BENIGN
517,6380,0,BENIGN
2617,7374,0,BENIGN
888,9445,0,BENIGN
3105,9070,0,BENIGN
50,2320,0,BENIGN
3952,8123,0,BENIGN
3561,7153,0,BENIGN
19,7589,0,BENIGN
4822,4607,0,BENIGN
1474,1400,0,BENIGN
4062,7042,0,BENIGN
2607,1362,0,BENIGN
452,4851,0,ANOMALY
3766,4412,0,BENIGN
2439,1084,0,BENIGN
4311,2824,0,BENIGN
1550,9499,0,BENIGN
3475,9822,0,BENIGN
128,5775,0,ANOMALY
4856,8868,0,ANOMALY
2762,8619,0,BENIGN
4457,8418,0,BENIGN
4665,3371,0,BENIGN
1416,8068,0,BENIGN
202,4300,0,ANOMALY
2370,6821,0,BENIGN
518,8803,0,BENIGN
1342,8464,0,BENIGN
4777,1726,0,BENIGN
1989,8121,0,BENIGN
3546,5312,0,BENIGN
4521,9000,0,BENIGN
3803,5543,0,BENIGN
3276,9014,0,BENIGN
3655,1318,0,BENIGN
2435,4475,0,BENIGN
4874,6153,0,BENIGN
208,5134,1,BENIGN
2634,2602,0,BENIGN
4118,3256,0,ANOMALY
154,8319,0,BENIGN
3367,8532,0,BENIGN
4315,8366,0,BENIGN
4765,3648,0,BENIGN
1519,7903,0,BENIGN
2601,2858,0,BENIGN
2196,2102,0,BENIGN
4499,3481,0,BENIGN
4692,2820,0,BENIGN
3555,4158,0,BENIGN
2415,4684,0,BENIGN
2850,8411,0,ANOMALY
1743,4651,0,ANOMALY
1307,8707,0,BENIGN
3850,9461,0,BENIGN
4169,9107,0,BENIGN
4577,7881,0,BENIGN
4656,7220,0,BENIGN
4841,5830,0,BENIGN
4196,5979,0,BENIGN
2556,8334,0,BENIGN
2306,4775,0,BENIGN
4509,1648,0,BENIGN
1089,1016,0,BENIGN
2643,9308,0,BENIGN
1178,7476,0,BENIGN
4917,6942,0,BENIGN
4758,2545,0,ANOMALY
2995,3693,0,BENIGN
560,8599,0,ANOMALY
2965,5089,0,BENIGN
1272,7259,0,BENIGN
1814,6058,1,ANOMALY
2916,4240,0,BENIGN
610,5942,0,BENIGN
2462,4788,0,BENIGN
4121,7953,1,BENIGN
284,1371,1,BENIGN
2929,8020,0,BENIGN
4397,8120,0,BENIGN
1092,6702,0,ANOMALY
817,9347,1,BENIGN
83,3661,0,BENIGN
1921,8180,0,BENIGN
3492,7651,0,BENIGN
3145,9656,0,BENIGN
2094,5878,0,BENIGN
4714,5315,0,BENIGN
176,7158,0,BENIGN
2705,9308,0,BENIGN
4938,7474,0,ANOMALY
370,2374,0,BENIGN
1819,8393,0,BENIGN
2102,5403,0,BENIGN
4786,4546,0,BENIGN
3491,4977,0,BENIGN
1780,4411,1,BENIGN
1365,9988,0,ANOMALY
4463,4892,0,BENIGN
3343,8324,0,BENIGN
4740,9342,0,BENIGN
3677,4249,0,BENIGN
2427,1111,0,BENIGN
73,1682,0,BENIGN
2963,2161,0,BENIGN
860,8400,0,BENIGN
3857,3379,0,BENIGN
4139,6426,0,BENIGN
2425,9352,0,BENIGN
1065,2425,0,BENIGN
2218,4661,0,BENIGN
4018,9469,0,BENIGN
2260,8040,0,BENIGN
3752,5592,0,BENIGN
2087,8530,0,BENIGN
369,4107,0,BENIGN
2805,1302,0,BENIGN
151,5533,0,BENIGN
1135,3773,0,BENIGN
2785,8199,0,BENIGN
4165,5281,0,BENIGN
2347,5768,0,BENIGN
4898,2000,0,BENIGN
2251,2718,0,BENIGN
61,8169,0,BENIGN
3011,8361,0,BENIGN
3902,4830,0,BENIGN
1338,8154,0,BENIGN
1185,6020,0,BENIGN
4427,3882,0,BENIGN
1552,1998,0,BENIGN
4434,1284,0,BENIGN
1630,9612,0,BENIGN
1328,3160,0,BENIGN
1527,4065,0,BENIGN
1674,2494,0,BENIGN
1362,5623,0,BENIGN
1574,3543,0,ANOMALY
2687,5800,0,ANOMALY
4371,9913,0,BENIGN
2367,2401,0,BENIGN
3758,1445,0,BENIGN
2435,5522,0,BENIGN
1994,4767,0,BENIGN
870,3551,0,BENIGN
1015,6646,0,BENIGN
1912,4888,0,BENIGN
603,5816,0,BENIGN
3822,3731,0,BENIGN
691,8699,0,BENIGN
494,3629,0,BENIGN
490,8687,0,BENIGN
2557,2057,0,BENIGN
4486,7834,0,BENIGN
295,9949,0,BENIGN
4028,2795,0,BENIGN
2844,5849,0,ANOMALY
2913,9215,0,BENIGN
1718,5150,0,BENIGN
2597,7947,0,BENIGN
4745,7470,0,BENIGN
1874,8179,0,BENIGN
4664,4712,0,BENIGN
3259,6458,0,BENIGN
2818,6315,0,BENIGN
445,6381,0,BENIGN
3642,4174,0,BENIGN
4459,7387,0,BENIGN
742,9973,1,BENIGN
2042,7767,1,BENIGN
680,1566,0,BENIGN
2468,5622,0,BENIGN
3698,5132,0,BENIGN
1359,9830,0,BENIGN
63,7995,1,ANOMALY
2560,5167,0,BENIGN
3770,3670,0,BENIGN
4352,9296,0,BENIGN
135,2682,0,BENIGN
3645,9490,0,BENIGN
4971,1770,0,BENIGN
4918,4854,0,BENIGN
2136,4118,1,BENIGN
3279,3132,0,BENIGN
823,8225,0,BENIGN
3075,1990,0,BENIGN
2982,1710,0,ANOMALY
121,5304,0,ANOMALY
1638,6367,0,ANOMALY
925,1038,0,BENIGN
645,2275,0,BENIGN
2033,8069,0,BENIGN
2762,5857,0,BENIGN
2069,2436,0,BENIGN
242,3099,0,ANOMALY
2669,9565,0,BENIGN
803,8693,0,BENIGN
4165,5251,0,ANOMALY
196,5025,0,ANOMALY
2188,7212,0,BENIGN
3516,4234,0,BENIGN
2331,8662,0,BENIGN
2360,8550,0,BENIGN
4842,4123,0,BENIGN
3607,1653,0,BENIGN
277,5158,0,BENIGN
61,9700,0,BENIGN
3391,6543,0,BENIGN
1914,3197,0,BENIGN
3928,4911,0,BENIGN
2592,6235,0,ANOMALY
567,5799,0,BENIGN
3936,9707,1,BENIGN
1572,6360,0,BENIGN
4718,9221,0,BENIGN
1201,1325,0,BENIGN
4410,4766,0,BENIGN
2855,5111,0,BENIGN
2896,9302,0,BENIGN
1237,8015,0,ANOMALY
137,7856,0,BENIGN
1030,1106,0,BENIGN
2157,3426,0,ANOMALY
2595,5378,0,BENIGN
662,5364,0,BENIGN
2473,3531,0,BENIGN
2678,7810,0,BENIGN
2309,6316,0,BENIGN
87,6362,0,BENIGN
2513,5693,0,BENIGN
2943,9990,0,ANOMALY
2774,6268,0,BENIGN
2505,3011,0,BENIGN
3311,1425,0,BENIGN
1701,4044,0,BENIGN
3671,7229,0,BENIGN
2701,2239,0,BENIGN
3630,7566,0,BENIGN
4591,4391,0,BENIGN
1648,5213,0,BENIGN
3319,4997,0,BENIGN
3688,4006,0,BENIGN
597,8025,0,BENIGN
4546,4039,0,BENIGN
485,7558,0,BENIGN
646,9790,0,BENIGN
3090,2184,0,BENIGN
4758,3584,0,BENIGN
4854,9102,0,BENIGN
4385,8116,0,BENIGN
721,5383,0,BENIGN
4734,4936,0,ANOMALY
499,2699,0,BENIGN
4730,5507,0,BENIGN
1674,1135,0,BENIGN
3068,3025,0,BENIGN
115,4535,0,BENIGN
2980,5854,0,BENIGN
4770,6367,0,BENIGN
1737,3890,0,ANOMALY
3612,3757,0,BENIGN
2254,4773,0,BENIGN
2295,9572,1,BENIGN
3631,7652,0,BENIGN
147,2528,0,BENIGN
3983,5571,0,ANOMALY
3454,6049,0,BENIGN
4508,1848,0,BENIGN
2411,5127,0,BENIGN
137,8351,0,BENIGN
3361,6866,0,BENIGN
3006,6869,0,BENIGN
3553,3121,0,BENIGN
19,5681,0,BENIGN
2243,1472,1,BENIGN
449,2787,0,BENIGN
1949,1113,0,BENIGN
946,7473,0,BENIGN
4237,9530,0,BENIGN
1921,3285,0,BENIGN
2978,2196,0,BENIGN
4189,1078,0,BENIGN
4016,5559,0,BENIGN
239,7017,0,BENIGN
205,3652,1,BENIGN
2608,5318,0,BENIGN
4341,6385,0,BENIGN
4928,8054,0,ANOMALY
3389,1827,0,BENIGN
2973,5923,0,BENIGN
4391,4385,0,BENIGN
2688,7056,0,BENIGN
4952,2965,0,BENIGN
4167,3427,0,BENIGN
1349,3841,0,BENIGN
4401,9805,0,BENIGN
817,9754,0,BENIGN
821,7563,0,BENIGN
193,6840,0,BENIGN
1777,8810,0,BENIGN
3646,7064,1,ANOMALY
4625,8144,0,BENIGN
251,5352,0,BENIGN
1789,1184,0,BENIGN
3701,6809,0,BENIGN
2464,5065,0,BENIGN
1168,8181,0,BENIGN
3894,9437,0,BENIGN
1097,8504,0,BENIGN
2680,8426,0,BENIGN
1848,3087,0,BENIGN
3905,1600,0,BENIGN
505,8804,0,BENIGN
1622,6537,0,BENIGN
2473,4033,0,BENIGN
2547,3056,0,BENIGN
1388,9724,0,BENIGN
2995,6084,0,BENIGN
3817,3042,0,BENIGN
718,8960,0,BENIGN
3485,1357,0,BENIGN
4435,1377,0,BENIGN
659,5488,0,BENIGN
4009,5797,0,BENIGN
4525,4307,0,BENIGN
4995,3596,0,BENIGN
4235,1783,0,BENIGN
3765,6924,0,BENIGN
2990,3379,0,BENIGN
4638,8831,0,BENIGN
2105,6267,0,BENIGN
1256,8638,0,BENIGN
2483,3538,0,BENIGN
384,1861,0,BENIGN
2608,2876,0,ANOMALY
194,4526,0,BENIGN
3808,2622,0,BENIGN
3720,6518,0,BENIGN
2582,3657,0,BENIGN
2566,2932,0,BENIGN
2764,9699,0,BENIGN
2799,4478,0,BENIGN
2340,3656,0,BENIGN
3407,1289,1,BENIGN
732,8011,0,BENIGN
2873,6858,0,BENIGN
3121,8323,0,ANOMALY
4781,3829,0,BENIGN
4178,6962,0,ANOMALY
2605,5812,0,BENIGN
2383,8264,0,BENIGN
532,9758,1,BENIGN
4317,2473,0,BENIGN
635,2987,0,BENIGN
1770,8673,0,BENIGN
3805,4260,0,BENIGN
2371,8490,0,BENIGN
3,7739,0,ANOMALY
206,4251,0,BENIGN
4136,6905,0,BENIGN
2622,6300,0,BENIGN
4740,6054,0,BENIGN
2891,2716,0,BENIGN
3194,2310,0,BENIGN
2667,1617,0,BENIGN
3307,5257,0,BENIGN
898,7099,0,BENIGN
1086,1468,0,ANOMALY
1280,6905,0,ANOMALY
671,2139,0,BENIGN
1506,9728,0,BENIGN
3576,1951,0,BENIGN
4815,9012,0,BENIGN
1956,4006,0,BENIGN
250,7075,0,ANOMALY
1893,8890,0,BENIGN
3440,6952,0,BENIGN
1854,8077,0,BENIGN
2855,2971,0,BENIGN
1504,2191,0,BENIGN
3386,4920,0,BENIGN
3572,8765,0,BENIGN
3793,7193,0,BENIGN
3427,4046,0,BENIGN
44,1304,0,BENIGN
3613,7339,1,BENIGN
2619,9043,0,BENIGN
4679,5908,0,BENIGN
3164,3804,0,BENIGN
1289,4936,0,BENIGN
2943,1712,0,BENIGN
220,7848,0,BENIGN
1926,9366,0,BENIGN
2973,4205,0,BENIGN
3514,6185,1,BENIGN
2449,7506,0,BENIGN
3472,2772,0,BENIGN
2775,2074,0,BENIGN
991,6447,0,BENIGN
2947,9783,0,BENIGN
1813,6264,0,BENIGN
4954,8322,0,BENIGN
804,7651,0,ANOMALY
490,3410,0,BENIGN
3557,7441,0,BENIGN
1494,9685,0,BENIGN
3646,9737,0,BENIGN
2892,4956,0,BENIGN
1706,7553,0,BENIGN
3517,7869,0,BENIGN
3341,8531,0,BENIGN
54,4094,0,ANOMALY
2576,3365,0,BENIGN
3592,7668,0,BENIGN
616,6000,0,BENIGN
955,8920,0,BENIGN
2434,4347,1,BENIGN
1630,4675,0,BENIGN
2782,1952,0,BENIGN
650,4300,0,BENIGN
2348,4179,0,BENIGN
4491,4247,0,BENIGN
3279,5415,0,BENIGN
2641,4357,0,BENIGN
3802,7472,0,BENIGN
2562,6996,0,BENIGN
3250,5848,0,BENIGN
371,6475,0,BENIGN
858,2037,0,BENIGN
4887,9262,0,BENIGN
4754,8008,0,BENIGN
384,6931,0,ANOMALY
3878,6642,0,ANOMALY
2553,1105,0,BENIGN
4335,1769,0,BENIGN
4291,3940,0,BENIGN
2726,8899,0,BENIGN
4035,7614,0,BENIGN
3294,6805,1,BENIGN
4252,5355,0,BENIGN
3989,1933,0,BENIGN
923,9766,0,BENIGN
2916,6660,0,BENIGN
2951,6906,0,BENIGN
3047,7050,0,BENIGN
975,9261,0,BENIGN
1231,5474,0,BENIGN
2436,1254,0,BENIGN
1815,8087,0,ANOMALY
2935,5787,1,BENIGN
4934,8862,0,BENIGN
1364,7356,0,BENIGN
3941,4742,1,BENIGN
204,3035,0,BENIGN
161,2967,0,BENIGN
4488,9291,0,BENIGN
769,2852,0,BENIGN
3749,4183,0,BENIGN
2582,7618,0,BENIGN
1094,9303,0,BENIGN
4501,1182,0,BENIGN
608,7740,0,BENIGN
1541,1164,0,ANOMALY
2876,7958,0,BENIGN
3192,3137,0,BENIGN
1838,1454,0,BENIGN
690,3285,0,ANOMALY
3760,8846,0,BENIGN
2950,5822,0,BENIGN
2104,1541,0,ANOMALY
366,7033,0,BENIGN
3576,3665,0,BENIGN
4551,8149,0,BENIGN
4200,6798,1,BENIGN
4173,6785,0,ANOMALY
4326,5614,0,BENIGN
2379,5292,0,BENIGN
1206,7189,0,BENIGN
4989,7673,0,ANOMALY
3840,2688,0,BENIGN
2736,6095,0,BENIGN
3348,8583,0,BENIGN
1676,8824,0,BENIGN
299,2637,0,BENIGN
957,6966,0,ANOMALY
1115,5670,0,BENIGN
2506,6203,0,ANOMALY
1475,6134,0,BENIGN
4461,2890,0,BENIGN
4447,4205,0,BENIGN
3727,9669,0,ANOMALY
3472,3366,0,BENIGN
2829,8559,0,BENIGN
2851,3526,0,BENIGN
2507,8807,0,BENIGN
3771,1366,0,BENIGN
2965,7521,0,BENIGN
4595,7606,0,BENIGN
950,1012,0,BENIGN
4604,9727,0,BENIGN
2851,4239,0,BENIGN
166,3317,0,BENIGN
3487,5042,0,BENIGN
2510,8485,0,BENIGN
920,1375,0,ANOMALY
114,1256,0,BENIGN
3505,1449,0,BENIGN
992,4212,0,BENIGN
3840,7175,0,BENIGN
1259,6943,0,BENIGN
3427,9026,0,ANOMALY
515,8446,0,BENIGN
4805,2308,0,ANOMALY
3197,9339,0,BENIGN
4435,5016,0,BENIGN
2585,4940,0,BENIGN
68,7713,0,BENIGN
1597,5071,0,BENIGN
4479,9107,0,BENIGN
19,6912,0,BENIGN
2731,1442,0,BENIGN
3522,3944,0,BENIGN
573,4936,0,BENIGN
2259,1398,0,BENIGN
2903,3995,0,BENIGN
651,7329,0,BENIGN
2588,3216,0,BENIGN
3263,2707,0,BENIGN
1339,6766,0,BENIGN
4997,6677,0,BENIGN
3635,3568,0,BENIGN
2828,8638,1,BENIGN
2218,1160,0,BENIGN
3540,9067,0,BENIGN
1038,4904,0,BENIGN
4384,4573,0,ANOMALY
3979,2825,0,BENIGN
2962,6582,0,BENIGN
3227,2176,0,BENIGN
1099,5918,0,BENIGN
2325,5880,0,BENIGN
940,4220,0,BENIGN
3717,8820,0,BENIGN
3415,1130,1,BENIGN
1449,7659,0,BENIGN
571,4562,0,BENIGN
2905,2499,0,BENIGN
2506,8430,0,BENIGN
918,8705,0,BENIGN
1875,8626,0,BENIGN
4929,7679,0,BENIGN
1679,3788,0,BENIGN
616,5876,0,BENIGN
4502,4708,0,BENIGN
1750,2769,0,BENIGN
3826,7731,0,BENIGN
4189,4044,0,BENIGN
2478,1375,0,ANOMALY
4750,7347,0,BENIGN
3506,4036,0,BENIGN
3476,9852,0,BENIGN
4530,7218,0,BENIGN
1136,1740,0,BENIGN
4001,9495,0,BENIGN
375,2085,0,BENIGN
207,2210,0,BENIGN
4876,9420,0,BENIGN
1320,4119,0,BENIGN
1142,1267,0,BENIGN
4628,3774,0,BENIGN
2691,5349,0,BENIGN
3256,5965,0,BENIGN
90,9125,0,BENIGN
4109,4459,0,BENIGN
3021,1989,0,BENIGN
1858,1937,0,BENIGN
805,7654,0,BENIGN
945,7989,0,BENIGN
2790,9631,0,BENIGN
3876,8342,0,BENIGN
1611,7023,0,BENIGN
2924,3358,0,BENIGN
3883,4345,0,BENIGN
3222,7360,0,BENIGN
4392,5816,0,BENIGN
4736,4743,0,BENIGN
2388,8159,0,BENIGN
4724,1518,0,BENIGN
942,1268,0,BENIGN
4926,6444,0,ANOMALY
2567,6475,0,BENIGN
976,5185,0,BENIGN
955,6161,0,BENIGN
1263,4865,0,BENIGN
944,9011,0,ANOMALY
2203,3335,0,BENIGN
3328,4674,0,BENIGN
4275,5576,0,BENIGN
2260,1500,0,BENIGN
1829,9083,1,BENIGN
1258,9294,0,BENIGN
465,6543,0,BENIGN
3295,3746,0,BENIGN
1231,4276,0,BENIGN
2655,4085,0,BENIGN
885,6735,0,BENIGN
3806,8796,0,BENIGN
3857,7613,0,BENIGN
3136,2327,0,BENIGN
925,8772,0,BENIGN
4590,4746,0,ANOMALY
1547,6684,0,BENIGN
1095,3562,0,BENIGN
2412,5163,0,ANOMALY
2618,4317,0,ANOMALY
763,3436,0,BENIGN
2324,6769,0,BENIGN
4146,9499,0,ANOMALY
2776,6918,0,ANOMALY
4660,2089,1,BENIGN
4879,5555,0,BENIGN
3156,3394,0,BENIGN
3971,7468,0,BENIGN
2041,5004,0,BENIGN
584,1666,0,BENIGN
4332,6718,0,ANOMALY
2104,6152,0,BENIGN
1943,3234,0,ANOMALY
4456,7335,0,BENIGN
110,2236,0,BENIGN
192,2623,0,BENIGN
904,2374,0,BENIGN
862,8275,0,BENIGN
1084,7359,0,ANOMALY
650,1176,0,BENIGN
4135,7704,0,BENIGN
3612,3928,0,BENIGN
637,9817,0,BENIGN
1037,8617,0,ANOMALY
4132,8614,0,BENIGN
2149,4715,0,BENIGN
3866,5274,0,BENIGN
3158,9586,0,BENIGN
3588,5971,0,BENIGN
3295,9389,0,ANOMALY
4262,1968,0,BENIGN
2431,4155,0,BENIGN
1880,5764,1,BENIGN
3967,3504,0,BENIGN
3714,8643,0,BENIGN
4127,7006,0,BENIGN
4107,8962,0,BENIGN
2012,8943,0,BENIGN
3374,2269,0,BENIGN
2144,2364,0,BENIGN
2501,7716,0,BENIGN
4582,1923,0,BENIGN
1290,1470,0,BENIGN
1448,7597,0,BENIGN
3200,3954,0,BENIGN
1944,2148,0,BENIGN
3184,4086,0,BENIGN
3217,1629,0,BENIGN
3137,8407,0,ANOMALY
3319,1774,0,ANOMALY
2783,9551,0,BENIGN
991,9709,0,BENIGN
4921,2343,0,BENIGN
2154,8398,0,BENIGN
226,8197,0,BENIGN
777,6016,0,BENIGN
2838,8797,0,BENIGN
688,3899,0,BENIGN
530,1934,0,BENIGN
3443,2986,0,BENIGN
2154,5996,0,BENIGN
1295,7542,0,BENIGN
1527,6465,0,BENIGN
4775,7311,0,BENIGN
2897,9568,0,BENIGN
3104,2505,0,BENIGN
2441,6363,0,BENIGN
4136,2010,0,BENIGN
3803,4477,0,BENIGN
845,8741,0,ANOMALY
447,4857,0,BENIGN
3916,4839,0,BENIGN
3110,5268,0,BENIGN
1235,3553,0,BENIGN
227,5389,0,BENIGN
4144,1551,0,BENIGN
2960,6566,0,BENIGN
1831,6758,0,BENIGN
3780,4051,0,BENIGN
187,6322,0,BENIGN
2878,3555,0,BENIGN
2536,2089,0,BENIGN
1933,1458,0,BENIGN
2925,5721,0,BENIGN
849,7304,0,BENIGN
2033,2920,1,BENIGN
1253,8694,0,BENIGN
1882,6668,0,BENIGN
270,7298,0,ANOMALY
1631,7629,0,BENIGN
4406,6146,0,BENIGN
3204,2003,0,BENIGN
1575,4083,0,BENIGN
2893,3589,0,BENIGN
1696,5310,0,BENIGN
3259,3241,0,BENIGN
3263,6766,0,BENIGN
1446,8711,0,BENIGN
220,5980,0,BENIGN
53,1938,0,BENIGN
1758,5301,0,BENIGN
1667,4970,0,BENIGN
2786,4999,0,BENIGN
720,5650,0,BENIGN
406,7627,0,BENIGN
2295,4408,0,BENIGN
72,9962,0,ANOMALY
2054,1248,0,BENIGN
1230,9564,1,BENIGN
1568,6950,1,ANOMALY
3683,3926,0,BENIGN
2954,8975,1,BENIGN
4483,4857,0,ANOMALY
699,5930,0,BENIGN
827,8014,0,ANOMALY
349,9893,0,BENIGN
3909,7966,0,BENIGN
308,7587,0,BENIGN
3417,7496,0,BENIGN
2335,6091,0,BENIGN
4862,9985,0,BENIGN
4821,1677,0,BENIGN
2810,6909,0,BENIGN
3559,2561,0,BENIGN
4479,5053,0,BENIGN
3478,9644,0,BENIGN
4621,4656,0,BENIGN
2687,6234,0,BENIGN
2986,5146,0,BENIGN
276,6488,0,BENIGN
2548,9081,0,BENIGN
2765,1209,0,BENIGN
337,5983,0,BENIGN
1974,8141,0,BENIGN
2980,5945,0,BENIGN
4577,8980,0,ANOMALY
3969,4966,0,BENIGN
911,9818,0,BENIGN
1997,3824,0,BENIGN
3130,2250,0,BENIGN
4205,5758,0,BENIGN
3758,5363,0,BENIGN
328,3163,0,BENIGN
1800,2853,0,BENIGN
315,1753,0,BENIGN
3546,6448,0,BENIGN
1135,2868,0,BENIGN
2747,1181,0,BENIGN
4877,2513,0,BENIGN
1521,4344,0,BENIGN
156,6238,0,BENIGN
1725,8089,1,BENIGN
3344,7401,0,BENIGN
887,3556,0,BENIGN
3074,7098,0,BENIGN
2806,6280,0,BENIGN
722,5244,1,BENIGN
913,3164,0,BENIGN
3358,7601,0,BENIGN
871,3021,0,ANOMALY
4109,3821,0,BENIGN
498,6938,0,BENIGN
1757,7132,0,BENIGN
1118,6969,0,BENIGN
3410,7168,0,BENIGN
2829,1713,0,BENIGN
1648,8203,0,BENIGN
2984,4545,0,BENIGN
143,9414,0,BENIGN
2762,1863,1,BENIGN
3436,5625,0,BENIGN
4661,6307,0,BENIGN
2432,2425,0,ANOMALY
4513,3304,0,BENIGN
1849,1653,0,ANOMALY
2697,9129,0,BENIGN
1718,7734,0,BENIGN
3073,1443,0,BENIGN
1068,8459,0,BENIGN
2787,5669,0,BENIGN
3792,6106,0,BENIGN
1289,5436,0,BENIGN
3872,3857,0,BENIGN
1807,4039,0,BENIGN
1505,9291,0,BENIGN
3309,3737,0,ANOMALY
2952,7956,0,BENIGN
72,6239,0,BENIGN
1691,2607,0,BENIGN
1345,3953,0,BENIGN
3304,6933,0,BENIGN
3114,5682,0,BENIGN
883,7333,0,ANOMALY
4235,8392,0,BENIGN
2663,7609,0,BENIGN
1505,5925,0,BENIGN
2464,8250,0,BENIGN
2554,6783,0,BENIGN
733,7723,1,ANOMALY
1749,1184,0,BENIGN
3925,1521,0,BENIGN
424,2248,0,BENIGN
3479,2002,0,BENIGN
1592,7266,0,BENIGN
4486,7444,0,BENIGN
4710,9585,1,BENIGN
493,2617,0,BENIGN
192,1660,0,BENIGN
499,6524,0,ANOMALY
4918,8616,0,BENIGN
1257,6250,0,BENIGN
1969,8512,1,BENIGN
4323,7905,0,ANOMALY
2187,1319,0,BENIGN
817,9775,0,BENIGN
3221,4600,0,BENIGN
1474,6960,0,BENIGN
1087,6279,0,BENIGN
4200,9773,0,BENIGN
1875,2767,0,BENIGN
871,2798,0,BENIGN
4764,9949,0,BENIGN
2043,1282,0,BENIGN
273,7337,0,ANOMALY
1030,6166,0,BENIGN
3219,8121,0,BENIGN
4070,8409,0,BENIGN
1052,6489,0,BENIGN
4034,5896,0,BENIGN
1574,1130,0,BENIGN
3191,2293,0,BENIGN
4389,7059,0,BENIGN
3798,7957,0,BENIGN
3290,1060,0,BENIGN
3748,3211,0,BENIGN
2106,7276,0,ANOMALY
308,6363,0,BENIGN
3360,9152,0,BENIGN
3177,8973,0,BENIGN
1252,1037,0,ANOMALY
2748,6990,0,BENIGN
1518,6438,1,BENIGN
1379,8677,0,ANOMALY
4892,1473,1,BENIGN
4993,1058,0,BENIGN
1962,3636,0,BENIGN
4306,3614,0,ANOMALY
2864,8296,0,BENIGN
2657,5999,0,BENIGN
2495,9276,0,BENIGN
4568,4797,0,BENIGN
4006,3674,0,BENIGN
3564,7436,0,BENIGN
923,4120,0,BENIGN
4233,3076,0,BENIGN
4463,4190,1,BENIGN
2960,5787,0,BENIGN
184,7056,0,BENIGN
3359,8494,0,BENIGN
1399,4577,0,BENIGN
2797,5741,0,BENIGN
537,7832,0,BENIGN
1274,3581,0,BENIGN
2968,4787,0,BENIGN
3050,9707,0,BENIGN
1097,8103,0,BENIGN
1306,1932,0,BENIGN
916,2663,0,BENIGN
3082,9748,0,BENIGN
4248,8914,0,BENIGN
1029,5852,1,BENIGN
1978,2104,0,BENIGN
3355,2270,0,ANOMALY
2512,4646,0,BENIGN
271,6087,0,BENIGN
1187,5723,1,BENIGN
4556,3054,1,BENIGN
4201,7658,0,BENIGN
3765,2842,0,ANOMALY
2399,3802,0,BENIGN
4530,8735,0,BENIGN
4236,9201,1,BENIGN
4183,9313,0,BENIGN
1712,7105,0,BENIGN
2231,3560,0,BENIGN
129,4037,0,BENIGN
1270,9632,1,BENIGN
3673,3749,0,BENIGN
1602,1590,0,BENIGN
4766,2368,0,BENIGN
3971,2361,0,BENIGN
4245,9128,0,BENIGN
4948,4773,1,BENIGN
628,3064,0,ANOMALY
3798,3415,0,BENIGN
2045,3951,0,BENIGN
3553,6616,0,BENIGN
4980,8975,0,BENIGN
2342,8101,0,BENIGN
3215,6003,0,BENIGN
250,9306,0,BENIGN
2926,7243,0,BENIGN
975,7581,0,BENIGN
1326,9330,0,BENIGN
984,5923,0,BENIGN
889,7467,0,BENIGN
2938,5941,0,BENIGN
2118,7437,0,ANOMALY
2673,7076,0,BENIGN
4971,6648,0,BENIGN
1327,9001,0,BENIGN
471,2315,0,BENIGN
1988,1073,0,BENIGN
91,9675,0,BENIGN
530,2549,0,BENIGN
4757,2359,0,BENIGN
4060,2896,0,BENIGN
4835,7659,0,BENIGN
2774,6246,0,BENIGN
4968,7967,0,BENIGN
1687,7661,0,ANOMALY
192,1510,0,BENIGN
1987,9614,0,BENIGN
3624,3432,0,ANOMALY
2186,2906,0,BENIGN
4441,1064,0,ANOMALY
1009,5928,0,BENIGN
3784,5710,0,BENIGN
4299,7124,1,BENIGN
4669,8837,0,BENIGN
4288,1800,0,BENIGN
2053,7063,0,BENIGN
3309,9469,0,BENIGN
1717,7109,0,BENIGN
311,7659,0,ANOMALY
4539,2238,0,BENIGN
1261,7582,0,BENIGN
4966,5523,0,BENIGN
3933,6620,0,BENIGN
3269,2486,0,BENIGN
585,5681,0,BENIGN
2800,5470,0,BENIGN
360,6619,0,BENIGN
2867,9284,1,BENIGN
2012,8177,0,BENIGN
4940,6441,1,BENIGN
4007,2840,0,BENIGN
1626,6397,0,BENIGN
2765,2621,0,BENIGN
891,2561,0,BENIGN
732,6849,0,BENIGN
3962,2416,0,BENIGN
4702,5190,0,BENIGN
2505,6054,0,BENIGN
615,2130,0,BENIGN
3807,4597,0,BENIGN
1720,3118,0,BENIGN
4770,1663,0,BENIGN
1588,3634,0,BENIGN
1612,3774,0,BENIGN
897,7194,0,BENIGN
278,4969,0,BENIGN
4648,4490,0,BENIGN
1637,2523,0,BENIGN
2159,9053,0,ANOMALY
2433,1987,0,BENIGN
3905,8915,0,BENIGN
4857,7403,0,ANOMALY
3263,6321,0,BENIGN
1450,4845,0,BENIGN
4501,7301,0,BENIGN
1233,1098,0,ANOMALY
4118,3288,0,BENIGN
678,5297,0,BENIGN
2659,9825,0,BENIGN
2029,8796,1,BENIGN
3759,8263,0,BENIGN
4625,9770,0,BENIGN
2038,4959,0,ANOMALY
2650,8385,0,BENIGN
657,9464,0,BENIGN
166,6338,0,BENIGN
4945,5881,0,BENIGN
4592,4954,0,BENIGN
590,4927,0,BENIGN
4525,9644,0,BENIGN
2822,5911,0,BENIGN
4259,1413,0,ANOMALY
1263,2550,1,BENIGN
72,5526,0,BENIGN
3517,8141,0,ANOMALY
4751,7571,0,BENIGN
3581,2946,0,BENIGN
269,6203,0,BENIGN
1777,1191,0,BENIGN
2463,1040,0,BENIGN
1269,6892,0,BENIGN
1016,4449,0,BENIGN
2723,9327,0,BENIGN
1084,6909,0,BENIGN
4102,2941,1,BENIGN
407,5221,0,BENIGN
3077,8524,1,BENIGN
986,7543,0,BENIGN
3604,7222,0,BENIGN
4486,9580,0,BENIGN
710,2558,0,BENIGN
2619,3121,0,BENIGN
4850,2028,0,BENIGN
1412,9273,0,BENIGN
4622,6656,0,BENIGN
1486,9967,0,BENIGN
2951,4038,0,BENIGN
4652,2878,0,BENIGN
2935,3271,0,BENIGN
4115,2607,0,BENIGN
4671,4139,0,BENIGN
1004,1605,0,ANOMALY
2467,5735,0,BENIGN
2467,4665,0,ANOMALY
1939,6852,0,ANOMALY
1940,6462,0,BENIGN
1636,3144,0,BENIGN
1699,5270,0,BENIGN
4528,9107,0,BENIGN
2092,2376,0,BENIGN
1896,4462,0,BENIGN
4241,1347,0,BENIGN
3399,1000,0,BENIGN
1074,1062,0,BENIGN
2403,2783,0,ANOMALY
4896,9417,0,ANOMALY
3213,7566,0,BENIGN
4038,2042,0,BENIGN
1152,2234,0,BENIGN
2446,2984,0,BENIGN
1957,2594,0,BENIGN
4559,7257,0,BENIGN
3908,2952,0,ANOMALY
808,2695,0,BENIGN
187,1954,0,BENIGN
4828,4291,0,BENIGN
4525,9548,0,BENIGN
1308,1968,0,BENIGN
2285,1241,0,BENIGN
4867,5234,0,BENIGN
758,9338,0,BENIGN
4232,8349,0,BENIGN
4888,6161,0,BENIGN
3855,9734,0,BENIGN
4267,9883,0,BENIGN
2207,2025,0,BENIGN
3559,4359,0,BENIGN
1581,6257,0,BENIGN
962,6736,0,BENIGN
3848,8679,0,BENIGN
3576,3951,0,BENIGN
876,9921,0,BENIGN
2419,8389,0,ANOMALY
4199,3555,0,BENIGN
1002,2150,0,BENIGN
3385,2735,0,BENIGN
4067,8931,0,ANOMALY
2846,2038,0,BENIGN
1482,7369,0,BENIGN
3302,8127,0,BENIGN
658,3912,0,BENIGN
2781,5840,0,BENIGN
423,2242,0,BENIGN
3682,9964,1,BENIGN
4267,9098,0,BENIGN
2711,4412,0,BENIGN
453,3499,0,BENIGN
2398,8160,0,BENIGN
1976,7110,0,BENIGN
1658,4545,1,BENIGN
2542,2213,0,BENIGN
3076,1418,0,BENIGN
3165,5960,0,BENIGN
2967,1788,0,ANOMALY
2054,2871,0,BENIGN
288,3025,0,BENIGN
3218,7264,1,BENIGN
3855,3446,1,BENIGN
1448,8429,0,BENIGN
608,5823,0,BENIGN
4553,9752,0,BENIGN
1765,3651,0,BENIGN
1226,1539,1,BENIGN
1236,7499,0,BENIGN
1030,5755,0,BENIGN
2672,6959,0,BENIGN
3963,4289,0,BENIGN
4543,6546,0,ANOMALY
4931,3758,0,BENIGN
3178,6311,0,BENIGN
3723,5107,0,BENIGN
4907,2895,0,BENIGN
1476,3500,0,BENIGN
2897,3829,0,BENIGN
809,1047,0,BENIGN
979,3364,0,BENIGN
2464,6666,0,BENIGN
726,7458,0,BENIGN
2502,9945,0,BENIGN
3363,9177,0,BENIGN
1217,8630,0,BENIGN
4052,8931,0,BENIGN
2198,8058,0,BENIGN
2807,3802,0,BENIGN
779,9594,0,BENIGN
973,3086,0,ANOMALY
2811,7724,0,BENIGN
2124,7155,0,ANOMALY
599,2149,0,BENIGN
3342,1062,0,BENIGN
225,4153,0,BENIGN
841,6938,0,BENIGN
1815,1751,0,BENIGN
4810,8776,0,ANOMALY
1107,9849,1,ANOMALY
125,1700,0,BENIGN
3247,2540,0,BENIGN
2932,4032,0,ANOMALY
4126,7167,0,BENIGN
2972,7364,0,ANOMALY
2018,2983,0,ANOMALY
2416,9506,0,BENIGN
4591,6796,1,BENIGN
3097,8648,0,BENIGN
1610,8894,0,BENIGN
718,3314,0,BENIGN
3562,8959,0,BENIGN
1017,2649,0,BENIGN
3566,8700,0,BENIGN
4702,7900,0,ANOMALY
4471,4800,0,BENIGN
1961,3478,0,BENIGN
1049,8054,0,ANOMALY
1358,7059,1,BENIGN
3427,9433,0,BENIGN
116,7209,0,BENIGN
2096,8115,0,BENIGN
1802,3256,1,BENIGN
2147,4368,0,BENIGN
1621,8387,0,BENIGN
4781,9558,0,BENIGN
2951,3827,0,ANOMALY
3793,3487,0,ANOMALY
2942,4603,0,BENIGN
4906,4521,0,BENIGN
978,5517,0,BENIGN
3067,2643,0,BENIGN
784,2212,0,BENIGN
241,8345,0,BENIGN
1554,5703,0,BENIGN
4579,6434,0,BENIGN
1013,1019,0,BENIGN
187,1675,0,BENIGN
1882,5477,0,BENIGN
4587,1608,0,BENIGN
431,7286,0,BENIGN
239,1061,0,BENIGN
2346,2154,0,BENIGN
76,4716,0,BENIGN
1357,6242,0,BENIGN
4923,6559,0,BENIGN
2331,6022,0,BENIGN
4687,7485,0,BENIGN
1903,2442,0,BENIGN
4014,2653,0,BENIGN
4671,3502,0,BENIGN
4988,4269,0,BENIGN
2060,1281,0,BENIGN
141,4403,0,BENIGN
1790,2235,0,BENIGN
3627,5760,0,ANOMALY
17,7940,0,ANOMALY
4349,1785,0,BENIGN
465,4194,0,BENIGN
4472,5789,0,BENIGN
1828,4775,0,BENIGN
3029,6350,0,BENIGN
520,1533,0,BENIGN
90,9593,0,BENIGN
4816,4663,0,BENIGN
2852,1129,0,BENIGN
2844,3959,0,BENIGN
4726,2858,0,BENIGN
1885,4649,0,BENIGN
4172,4097,0,BENIGN
926,4512,0,BENIGN
3735,5860,0,BENIGN
970,9833,0,ANOMALY
1095,1723,0,BENIGN
3196,1737,0,BENIGN
1405,2299,0,BENIGN
3365,4480,0,BENIGN
4291,1339,0,BENIGN
3983,1152,0,BENIGN
4324,6684,0,BENIGN
4014,4051,0,BENIGN
4557,1426,0,BENIGN
4714,8146,0,BENIGN
3093,9125,0,BENIGN
4160,7347,0,BENIGN
2075,3372,0,BENIGN
285,9126,0,BENIGN
4934,1949,0,BENIGN
4927,8695,0,BENIGN
1188,2373,0,BENIGN
3970,8082,0,BENIGN
2966,3482,0,BENIGN
4320,8593,0,BENIGN
784,1370,0,BENIGN
950,8837,0,BENIGN
3940,3296,0,ANOMALY
45,8034,0,BENIGN
1811,7324,0,BENIGN
4567,8142,0,BENIGN
2082,8028,0,BENIGN
3499,7479,0,BENIGN
830,5145,0,BENIGN
1910,5021,0,ANOMALY
2582,3364,0,BENIGN
692,6230,1,BENIGN
4020,6970,0,BENIGN
932,9954,0,BENIGN
4937,8300,1,BENIGN
3407,7755,0,BENIGN
148,2004,0,BENIGN
1033,8057,0,BENIGN
1312,4755,1,BENIGN
388,3846,0,BENIGN
3122,7262,0,BENIGN
1874,9541,0,BENIGN
3589,3964,0,BENIGN
916,9878,1,BENIGN
1879,5637,0,BENIGN
3749,3755,0,BENIGN
278,4624,0,BENIGN
1978,3732,0,ANOMALY
1860,7473,0,BENIGN
3037,7351,0,BENIGN
3372,2693,0,BENIGN
4714,1684,0,BENIGN
2183,3919,0,BENIGN
4676,8166,0,BENIGN
1171,4756,0,BENIGN
490,6454,0,BENIGN
2526,4283,0,BENIGN
1183,5691,0,BENIGN
4480,7828,0,BENIGN
4259,8350,0,BENIGN
2489,2156,1,BENIGN
1877,4061,0,BENIGN
2463,8157,0,BENIGN
1631,6919,0,BENIGN
288,6893,0,BENIGN
4283,5445,0,BENIGN
1908,7436,0,BENIGN
1162,2292,0,BENIGN
130,8902,1,BENIGN
2364,3067,0,BENIGN
144,2979,1,BENIGN
16,2736,0,ANOMALY
245,2918,0,BENIGN
927,1700,0,BENIGN
3179,5046,0,BENIGN
2177,3073,0,BENIGN
887,5661,0,BENIGN
341,1394,0,ANOMALY
2052,4048,0,BENIGN
3399,4452,0,BENIGN
3951,1522,0,BENIGN
306,9741,0,ANOMALY
908,2468,0,BENIGN
2655,7230,0,BENIGN
3793,9116,0,BENIGN
4043,7811,0,BENIGN
1372,2421,0,BENIGN
321,8987,0,ANOMALY
4655,1285,0,BENIGN
4060,3745,0,BENIGN
1132,8108,0,BENIGN
2579,5464,0,BENIGN
4043,2445,0,BENIGN
3368,6837,0,BENIGN
818,2466,0,BENIGN
12,8167,0,BENIGN
195,9479,0,BENIGN
2538,5426,0,BENIGN
2843,6932,0,BENIGN
2230,2178,0,BENIGN
3010,3551,0,BENIGN
4752,5370,0,BENIGN
2078,7322,0,BENIGN
3868,5862,0,BENIGN
4874,6855,0,BENIGN
444,2203,0,BENIGN
298,8349,0,BENIGN
4904,7386,0,BENIGN
845,2119,0,BENIGN
1016,9388,0,BENIGN
1385,4975,0,BENIGN
1398,9717,0,BENIGN
554,2292,0,BENIGN
2351,4655,0,BENIGN
4517,5786,0,BENIGN
1270,3217,0,BENIGN
1261,7590,0,BENIGN
185,2017,0,BENIGN
4564,6176,0,ANOMALY
2411,4590,0,BENIGN
4432,9239,0,BENIGN
2210,7176,0,BENIGN
3673,7647,0,BENIGN
4684,5722,0,BENIGN
1882,7015,0,BENIGN
4297,6122,0,BENIGN
522,8683,0,BENIGN
1888,3089,0,ANOMALY
2553,3056,0,BENIGN
3810,4680,0,BENIGN
4884,5885,0,BENIGN
4156,4114,0,BENIGN
4674,8383,0,BENIGN
4417,2629,0,BENIGN
3480,2543,0,BENIGN
1410,8512,0,BENIGN
1695,6769,0,BENIGN
4665,2904,0,BENIGN
527,2436,0,BENIGN
2661,6031,0,BENIGN
2173,4317,0,BENIGN
4967,5116,0,BENIGN
280,5552,0,ANOMALY
2965,6563,0,BENIGN
3978,7123,0,BENIGN
2670,4061,0,BENIGN
2894,9089,0,BENIGN
1752,9456,0,BENIGN
3982,4731,0,BENIGN
4770,7327,0,BENIGN
2362,4317,0,BENIGN
4428,3046,0,BENIGN
4132,4144,0,BENIGN
1709,4221,0,BENIGN
2687,6064,0,BENIGN
2896,1722,0,BENIGN
4536,8775,0,BENIGN
2777,8564,0,BENIGN
1120,9275,0,BENIGN
2989,5835,0,BENIGN
4260,4819,0,BENIGN
4244,4364,0,BENIGN
195,7089,0,BENIGN
663,5318,0,BENIGN
480,7936,0,BENIGN
4219,3780,0,BENIGN
1424,8398,0,BENIGN
2709,3452,0,BENIGN
3176,6288,0,BENIGN
3815,9520,0,BENIGN
2015,1425,0,BENIGN
3790,9961,0,ANOMALY
4806,4975,0,BENIGN
2444,9799,0,BENIGN
912,7669,0,ANOMALY
3214,3124,0,BENIGN
2365,2300,0,BENIGN
3630,6015,0,BENIGN
3473,9657,0,BENIGN
681,2964,0,BENIGN
4652,6567,0,BENIGN
610,6279,0,BENIGN
2157,3360,0,ANOMALY
3867,3039,0,BENIGN
372,2184,0,BENIGN
616,4934,0,BENIGN
2254,6794,0,BENIGN
4943,9172,0,BENIGN
4139,1777,0,BENIGN
865,4379,0,BENIGN
1269,3418,0,BENIGN
785,5077,0,BENIGN
4572,3439,0,BENIGN
4179,8804,1,BENIGN
2238,6269,0,BENIGN
4055,6587,0,ANOMALY
4896,2989,0,BENIGN
936,8868,0,BENIGN
3981,1944,0,BENIGN
2339,9220,0,BENIGN
326,2897,0,BENIGN
1535,6751,0,BENIGN
3481,6150,0,BENIGN
3862,2697,0,BENIGN
1986,6885,0,BENIGN
4933,2665,0,BENIGN
4604,9951,0,BENIGN
2779,2785,0,BENIGN
1271,6948,0,BENIGN
641,3607,0,BENIGN
4704,9590,0,BENIGN
4079,3630,0,BENIGN
4662,8660,0,BENIGN
1368,1238,0,BENIGN
4043,4536,0,BENIGN
2576,4861,0,BENIGN
3604,9491,0,BENIGN
1582,8899,0,BENIGN
1987,8145,0,BENIGN
2241,6861,0,BENIGN
3967,1248,0,BENIGN
2106,5323,0,BENIGN
129,8101,0,BENIGN
4802,3860,0,BENIGN
3997,1723,1,BENIGN
852,1569,0,BENIGN
4104,9411,0,BENIGN
2077,3834,0,BENIGN
2995,8928,0,BENIGN
3745,7671,0,BENIGN
2757,3122,1,BENIGN
1645,5000,0,BENIGN
4372,4089,0,BENIGN
3145,8165,0,BENIGN
243,8210,0,BENIGN
4086,1049,0,BENIGN
171,1514,0,BENIGN
653,5671,1,ANOMALY
3513,8749,0,BENIGN
1500,2165,0,ANOMALY
2100,1414,0,BENIGN
2159,2104,0,BENIGN
1973,5858,0,BENIGN
3926,4356,0,ANOMALY
2259,3416,0,BENIGN
4040,6611,0,BENIGN
2036,6465,0,BENIGN
3272,9395,0,BENIGN
858,8192,0,BENIGN
3824,6672,0,BENIGN
1050,9260,1,BENIGN
3991,9707,1,BENIGN
299,4563,0,BENIGN
924,7383,0,BENIGN
4233,9898,0,BENIGN
4307,7833,0,BENIGN
2800,5752,0,ANOMALY
4876,9123,0,BENIGN
4063,4785,0,BENIGN
4046,9535,0,BENIGN
1803,9727,0,BENIGN
2714,9546,0,BENIGN
4507,6023,0,BENIGN
2854,1982,0,BENIGN
2658,2345,0,ANOMALY
4523,6691,0,BENIGN
3347,7002,0,BENIGN
1472,1526,0,ANOMALY
2950,7647,0,BENIGN
942,8252,0,ANOMALY
1908,1930,0,BENIGN
4838,3282,0,ANOMALY
1244,2946,0,BENIGN
4424,4360,0,BENIGN
1467,9112,1,BENIGN
3958,3925,0,BENIGN
1967,4625,0,BENIGN
376,6469,0,BENIGN
263,2223,0,BENIGN
4363,8110,0,BENIGN
3389,5992,0,ANOMALY
3396,9814,0,BENIGN
1945,5787,0,BENIGN
1894,7818,0,BENIGN
3635,5726,0,BENIGN
1653,3372,0,BENIGN
4142,4299,0,BENIGN
3893,7451,0,BENIGN
600,9583,0,BENIGN
4816,4809,0,BENIGN
1913,3407,0,BENIGN
1293,5864,0,BENIGN
601,6027,0,BENIGN
381,5260,0,BENIGN
4214,5828,0,BENIGN
3638,9772,0,BENIGN
2164,9315,0,ANOMALY
4356,2874,0,BENIGN
1099,9715,0,BENIGN
366,4123,1,BENIGN
2571,5224,0,BENIGN
3420,6254,0,BENIGN
2477,4198,0,BENIGN
791,8082,0,BENIGN
3570,2210,0,BENIGN
747,6404,0,BENIGN
313,5117,0,BENIGN
4634,6429,0,BENIGN
921,9689,0,BENIGN
1078,5758,0,BENIGN
2830,9182,0,BENIGN
2382,9916,0,BENIGN
3619,1375,0,BENIGN
798,8413,0,ANOMALY
4444,5398,1,BENIGN
273,4859,0,ANOMALY
3011,2686,0,BENIGN
4816,6012,0,BENIGN
1774,1256,0,BENIGN
2548,4600,0,BENIGN
3165,1050,0,BENIGN
4781,7590,0,BENIGN
4718,8437,0,BENIGN
947,1594,0,BENIGN
2666,5731,0,BENIGN
507,4873,0,BENIGN
244,6748,0,BENIGN
506,6237,0,BENIGN
4518,2476,0,ANOMALY
3159,5870,0,BENIGN
3591,9032,1,BENIGN
1873,4020,0,BENIGN
3794,7066,1,BENIGN
1193,9053,0,BENIGN
4426,9066,0,BENIGN
4746,9167,0,BENIGN
1465,5780,0,BENIGN
391,5045,0,BENIGN
4477,3233,0,BENIGN
3378,9117,0,BENIGN
4838,7359,0,ANOMALY
4916,5197,0,BENIGN
673,1615,0,BENIGN
2561,2566,0,BENIGN
1212,3339,0,BENIGN
930,9109,0,BENIGN
1540,8374,0,BENIGN
913,7707,0,BENIGN
644,1378,0,BENIGN
4523,4465,0,BENIGN
502,7005,0,BENIGN
730,3271,0,BENIGN
1284,2007,0,BENIGN
2119,7800,1,BENIGN
4553,1109,0,BENIGN
4387,3771,0,BENIGN
3837,4883,0,BENIGN
920,3600,0,BENIGN
4051,6518,0,BENIGN
2340,4243,0,BENIGN
756,2005,0,BENIGN
1870,1305,0,BENIGN
4473,6701,0,BENIGN
508,1958,0,BENIGN
1437,6270,1,ANOMALY
2576,8595,0,BENIGN
3427,4538,0,BENIGN
559,8020,0,BENIGN
3103,2630,0,BENIGN
4517,3603,0,ANOMALY
3623,9258,0,BENIGN
4400,1205,0,BENIGN
4058,6691,0,BENIGN
3716,7141,0,BENIGN
1302,4145,0,BENIGN
2156,4120,1,BENIGN
693,7728,0,ANOMALY
4351,9899,0,ANOMALY
1479,7030,0,BENIGN
257,1178,0,BENIGN
2431,6167,1,BENIGN
442,1112,0,BENIGN
1882,9948,0,BENIGN
2647,9350,1,BENIGN
3821,9977,0,BENIGN
4678,2803,0,BENIGN
1736,3298,0,BENIGN
3736,2542,0,BENIGN
2646,8259,0,BENIGN
19,3154,0,BENIGN
1125,9766,0,BENIGN
3986,2381,0,BENIGN
2655,6902,0,BENIGN
2081,2222,0,BENIGN
1548,2501,0,BENIGN
862,4574,0,BENIGN
155,4729,0,BENIGN
3495,8740,0,BENIGN
905,4191,0,BENIGN
1270,8476,0,BENIGN
405,2561,0,BENIGN
844,3522,0,BENIGN
1783,3391,0,BENIGN
1565,3675,0,BENIGN
1185,3183,0,BENIGN
747,9468,0,BENIGN
1726,9066,0,BENIGN
3189,3078,0,ANOMALY
271,5342,0,BENIGN
4866,2120,0,BENIGN
3957,6419,0,BENIGN
172,4370,0,BENIGN
274,2908,0,BENIGN
2307,4520,1,BENIGN
1159,5307,1,BENIGN
1707,5496,0,BENIGN
1772,5750,0,BENIGN
422,1497,0,BENIGN
1210,7991,0,BENIGN
4676,4587,0,BENIGN
891,3413,0,BENIGN
4818,4800,0,BENIGN
3268,9654,0,BENIGN
4977,7171,0,BENIGN
1474,4457,0,BENIGN
3244,9464,0,BENIGN
4479,7969,0,BENIGN
2182,2150,0,BENIGN
1450,8454,1,BENIGN
3097,6207,0,BENIGN
3257,1018,0,BENIGN
3157,4178,0,BENIGN
1591,6577,0,BENIGN
4240,5081,0,BENIGN
3982,7454,0,BENIGN
1436,9603,0,BENIGN
224,9933,0,BENIGN
220,3671,0,BENIGN
4275,7387,0,BENIGN
1655,7833,0,BENIGN
4529,3624,0,BENIGN
265,6499,0,BENIGN
954,1514,0,BENIGN
4525,1206,0,ANOMALY
3734,1947,0,BENIGN
2775,2828,0,ANOMALY
3125,7861,0,BENIGN
480,7094,0,BENIGN
3515,7345,0,BENIGN
1354,3167,0,BENIGN
3323,8979,0,BENIGN
3879,6926,0,BENIGN
890,7532,0,BENIGN
3855,6656,0,BENIGN
925,6943,0,BENIGN
2171,9793,0,BENIGN
1903,6439,0,BENIGN
4874,9903,0,BENIGN
2396,2203,0,BENIGN
29,8000,0,BENIGN
35,7639,0,BENIGN
3590,8689,0,BENIGN
2671,8513,0,BENIGN
3366,7626,0,BENIGN
589,8386,0,BENIGN
3219,4131,0,BENIGN
3139,8134,0,BENIGN
904,4730,0,BENIGN
4087,3666,0,BENIGN
2170,1549,0,BENIGN
340,5741,0,BENIGN
4271,2244,0,BENIGN
1715,5012,0,BENIGN
4693,7196,0,BENIGN
4547,5545,0,BENIGN
557,7205,0,BENIGN
3088,8190,0,BENIGN
3267,9235,0,BENIGN
3568,1658,0,BENIGN
2057,7995,0,BENIGN
3900,6776,0,BENIGN
1017,6293,0,BENIGN
2063,2691,0,BENIGN
839,8735,0,BENIGN
1638,4130,0,BENIGN
4322,8044,0,BENIGN
3497,5533,0,BENIGN
1814,6547,1,BENIGN
3480,1967,0,BENIGN
1452,2404,0,ANOMALY
2314,9677,0,BENIGN
1515,4630,0,BENIGN
1232,3968,0,BENIGN
1646,8269,0,BENIGN
3000,2579,0,BENIGN
3441,6992,0,BENIGN
4057,1050,0,BENIGN
306,7452,0,BENIGN
3537,6153,0,BENIGN
1724,7023,0,BENIGN
1690,5300,0,BENIGN
1518,3787,0,BENIGN
3918,3155,0,BENIGN
420,8019,0,BENIGN
2937,6360,0,BENIGN
3863,5230,1,BENIGN
4230,8607,0,BENIGN
1451,9598,1,BENIGN
3097,5197,0,BENIGN
3262,6412,0,BENIGN
1165,5499,0,BENIGN
1870,5909,0,ANOMALY
1820,8169,0,BENIGN
2706,4262,0,BENIGN
3516,3989,0,BENIGN
1343,8654,0,BENIGN
2227,3224,0,BENIGN
1080,6376,1,BENIGN
4207,3920,0,ANOMALY
4564,8701,0,ANOMALY
2780,7541,0,BENIGN
2529,6615,1,BENIGN
814,5315,0,BENIGN
2032,7100,1,BENIGN
323,3783,0,BENIGN
2970,3808,0,BENIGN
904,4331,0,BENIGN
1542,3178,0,BENIGN
3504,1797,0,BENIGN
2654,3846,0,BENIGN
2477,1929,0,BENIGN
3341,5818,0,BENIGN
4244,4091,0,BENIGN
1142,3262,0,ANOMALY
850,8549,0,BENIGN
367,4480,0,BENIGN
2898,4342,0,BENIGN
1090,7053,0,BENIGN
4042,8574,0,BENIGN
2039,8859,0,BENIGN
2861,5174,0,BENIGN
4271,8147,0,BENIGN
1855,5770,0,BENIGN
4684,6833,0,BENIGN
495,9205,0,BENIGN
3183,8002,0,BENIGN
1785,3293,0,BENIGN
3511,3045,0,BENIGN
3787,2037,1,BENIGN
4131,7242,0,BENIGN
999,9448,0,BENIGN
4470,7162,0,BENIGN
1452,5073,0,BENIGN
1752,2283,0,BENIGN
2281,7732,0,BENIGN
4801,6945,0,BENIGN
4659,4487,0,BENIGN
2935,3184,0,BENIGN
3735,9550,0,BENIGN
3347,4187,0,BENIGN
1874,6495,0,BENIGN
4535,3297,0,BENIGN
3804,8097,1,BENIGN
1980,9469,0,BENIGN
699,4544,0,BENIGN
1313,7831,0,BENIGN
2963,1391,0,ANOMALY
2939,1968,0,BENIGN
4788,6151,0,BENIGN
2301,5364,0,BENIGN
3198,4307,0,BENIGN
127,7125,0,BENIGN
1192,5370,0,BENIGN
2640,5838,0,ANOMALY
4390,9277,0,ANOMALY
3917,4134,0,BENIGN
1367,2054,1,BENIGN
1020,4729,0,BENIGN
4080,3669,0,BENIGN
4515,1275,0,BENIGN
4540,6717,0,BENIGN
685,9022,0,BENIGN
3630,9000,0,BENIGN
2888,1128,0,BENIGN
1463,8077,0,BENIGN
4087,5326,0,BENIGN
2262,4568,1,BENIGN
4181,8622,0,BENIGN
2842,9080,0,BENIGN
1768,3402,0,BENIGN
4181,2647,0,BENIGN
3561,4556,0,BENIGN
2113,3193,0,BENIGN
4759,4104,0,BENIGN
627,5355,0,BENIGN
4160,3134,0,BENIGN
3415,4903,0,BENIGN
1376,4613,0,ANOMALY
1182,9583,0,BENIGN
491,3279,0,BENIGN
3730,2152,0,BENIGN
3535,2294,0,BENIGN
3297,9657,0,BENIGN
1941,6289,0,BENIGN
4409,4245,0,BENIGN
1883,7068,0,BENIGN
4909,7716,0,BENIGN
2988,7654,1,BENIGN
3160,9679,0,BENIGN
4776,3938,0,BENIGN
4531,3626,0,BENIGN
682,1949,0,BENIGN
1074,5075,0,BENIGN
2388,2658,0,ANOMALY
2395,7932,0,BENIGN
2694,9053,0,BENIGN
1371,7959,0,ANOMALY
4745,2817,0,BENIGN
4341,9382,0,BENIGN
2157,1460,1,BENIGN
2581,8971,0,BENIGN
4392,7015,0,BENIGN
2160,7376,0,BENIGN
3249,3521,0,BENIGN
3732,4476,0,BENIGN
3830,3705,0,BENIGN
1628,5366,0,BENIGN
3473,1027,0,BENIGN
28,5231,0,ANOMALY
1986,7548,0,BENIGN
4154,4024,0,BENIGN
1522,2264,0,BENIGN
297,7587,0,BENIGN
2182,7577,0,BENIGN
3403,2251,0,BENIGN
2297,4870,0,BENIGN
2598,2326,0,BENIGN
902,7177,0,BENIGN
1099,1361,0,ANOMALY
1678,2218,0,BENIGN
2882,1605,0,BENIGN
4867,6959,0,ANOMALY
1379,2670,0,ANOMALY
1249,5443,0,BENIGN
3736,2277,0,BENIGN
4242,1398,0,BENIGN
1265,3172,0,BENIGN
1908,3810,0,BENIGN
1059,7274,0,ANOMALY
2750,6681,0,BENIGN
2049,3939,0,BENIGN
4249,1944,0,BENIGN
2477,6965,0,BENIGN
4017,7348,0,BENIGN
4604,8770,0,BENIGN
3198,8099,0,BENIGN
4587,2196,0,BENIGN
3554,2212,0,BENIGN
4441,1823,0,BENIGN
1762,8084,0,BENIGN
221,1535,0,BENIGN
4819,4010,0,BENIGN
4624,8537,0,ANOMALY
2889,1949,0,BENIGN
1665,1543,0,BENIGN
3987,4900,0,BENIGN
4577,5224,0,BENIGN
2978,3866,0,BENIGN
1872,3246,0,BENIGN
1463,2836,0,BENIGN
345,9268,1,ANOMALY
45,9560,0,BENIGN
2069,7976,0,BENIGN
1515,1348,1,BENIGN
2599,5601,0,BENIGN
1002,5333,0,BENIGN
1034,6399,0,BENIGN
2041,6696,0,BENIGN
274,2455,0,BENIGN
2648,3185,0,ANOMALY
1780,8436,0,ANOMALY
4477,4811,0,BENIGN
479,8309,0,BENIGN
516,9086,0,BENIGN
4287,4682,0,BENIGN
1192,2846,0,ANOMALY
2669,2854,0,BENIGN
1412,3985,0,BENIGN
3281,3894,0,BENIGN
272,8496,0,BENIGN
143,1558,0,BENIGN
3333,3896,0,ANOMALY
788,2254,0,ANOMALY
1682,2681,0,BENIGN
623,6271,0,BENIGN
3842,7283,0,BENIGN
3677,9854,0,BENIGN
2573,4325,0,BENIGN
3261,2241,0,BENIGN
4713,4143,0,BENIGN
67,4037,0,BENIGN
4287,9353,0,BENIGN
4617,2781,0,ANOMALY
1141,5675,1,BENIGN
2315,2477,0,BENIGN
2533,8148,0,BENIGN
3581,8551,0,BENIGN
1188,1106,0,BENIGN
4472,3668,0,BENIGN
4749,5935,0,BENIGN
3340,8270,0,BENIGN
549,2164,0,BENIGN
4088,2157,0,BENIGN
73,3246,0,ANOMALY
199,7653,0,ANOMALY
3202,9858,0,BENIGN
1782,8649,0,BENIGN
572,1511,0,BENIGN
791,9441,0,BENIGN
1639,1888,0,BENIGN
1832,8983,0,BENIGN
1856,9791,0,BENIGN
1175,4022,0,BENIGN
3741,3530,0,BENIGN
3278,7315,0,BENIGN
179,3064,0,BENIGN
2245,6413,0,BENIGN
4087,7537,0,BENIGN
735,4569,0,BENIGN
799,2242,0,BENIGN
788,5329,0,BENIGN
2796,2925,0,ANOMALY
4305,4395,0,ANOMALY
4589,1440,0,BENIGN
3085,6231,0,BENIGN
2919,9181,0,BENIGN
732,3743,0,BENIGN
1130,9039,0,BENIGN
3447,9198,0,BENIGN
1606,2586,0,BENIGN
3779,1825,0,BENIGN
2746,4824,0,BENIGN
3171,2268,0,BENIGN
4690,8615,0,BENIGN
2934,4436,0,BENIGN
1216,9089,0,BENIGN
325,2310,0,BENIGN
1851,1477,0,ANOMALY
1491,9906,0,BENIGN
894,3162,0,BENIGN
1391,1508,0,BENIGN
3390,8319,0,BENIGN
4240,1381,0,BENIGN
4480,2845,0,BENIGN
2264,8300,0,BENIGN
3433,9909,0,BENIGN
2372,8717,1,BENIGN
3087,9509,0,BENIGN
4313,5629,0,BENIGN
1516,6704,0,BENIGN
2918,2776,0,BENIGN
2353,9103,0,BENIGN
1168,3284,0,BENIGN
111,2244,0,BENIGN
4328,2333,0,BENIGN
3656,4669,0,BENIGN
3794,2200,0,BENIGN
1756,2794,0,BENIGN
1578,7181,0,BENIGN
1297,2454,0,ANOMALY
3775,2933,0,BENIGN
2221,1746,0,BENIGN
973,8370,0,BENIGN
1031,8973,0,BENIGN
2594,7827,0,BENIGN
3993,1792,0,ANOMALY
4614,7927,0,BENIGN
914,2267,0,BENIGN
2182,7369,0,BENIGN
3198,3690,0,BENIGN
1463,8874,0,ANOMALY
2379,1292,0,BENIGN
3455,7864,0,BENIGN
3554,5022,0,BENIGN
1308,2648,0,BENIGN
4995,6171,0,BENIGN
1190,2693,0,BENIGN
688,7710,0,BENIGN
4662,2037,0,BENIGN
1208,4852,0,ANOMALY
1895,6459,0,BENIGN
4923,8048,0,BENIGN
1812,7184,0,BENIGN
3184,2161,0,BENIGN
3798,2029,0,BENIGN
1645,1978,1,BENIGN
3969,9709,0,BENIGN
2717,9974,0,BENIGN
191,6129,0,BENIGN
1336,1137,0,BENIGN
4804,9945,1,BENIGN
3107,5808,0,BENIGN
379,3455,0,BENIGN
4483,8392,0,BENIGN
3830,9771,0,ANOMALY
616,4266,0,BENIGN
2331,5649,0,BENIGN
1755,9587,0,BENIGN
464,6253,0,BENIGN
967,6428,0,BENIGN
4268,6985,0,BENIGN
3159,3589,0,BENIGN
3625,8176,0,BENIGN
4939,4034,0,BENIGN
690,1169,0,BENIGN
2623,4239,0,BENIGN
2213,4415,0,BENIGN
383,4568,0,BENIGN
2257,4484,0,BENIGN
3811,5835,1,ANOMALY
3504,2841,0,BENIGN
1413,7878,0,BENIGN
1584,5552,0,BENIGN
372,7844,0,BENIGN
611,4026,0,BENIGN
116,7189,0,BENIGN
447,4965,0,BENIGN
1392,8184,0,BENIGN
3325,6479,0,BENIGN
1341,6380,0,ANOMALY
4511,2146,0,ANOMALY
2940,5326,0,BENIGN
3700,1111,1,ANOMALY
1074,1592,0,BENIGN
4814,8413,0,BENIGN
3570,9179,0,BENIGN
3151,2238,0,BENIGN
1606,6983,0,BENIGN
4658,3794,0,BENIGN
2295,4598,0,BENIGN
3663,4803,0,BENIGN
4483,2526,0,BENIGN
4798,8909,0,BENIGN
984,2969,0,BENIGN
352,2502,0,BENIGN
1725,5467,0,BENIGN
1952,7407,0,BENIGN
1280,9301,0,BENIGN
1908,3354,0,BENIGN
4849,6319,0,BENIGN
1025,1225,0,BENIGN
546,4011,0,BENIGN
4175,5126,0,BENIGN
2382,1613,0,BENIGN
889,1098,0,BENIGN
1106,6458,0,ANOMALY
2550,6916,0,BENIGN
1991,4337,0,BENIGN
3999,3699,0,BENIGN
3776,6917,0,BENIGN
2813,8517,0,BENIGN
921,2019,0,BENIGN
4646,4025,0,BENIGN
2062,4528,0,BENIGN
4488,4886,0,BENIGN
3640,7231,0,BENIGN
3166,6182,0,BENIGN
4436,6578,0,BENIGN
2645,7729,0,BENIGN
4853,7961,0,BENIGN
1046,7013,0,BENIGN
3557,1796,0,BENIGN
2682,2957,0,BENIGN
3200,4066,0,BENIGN
939,3680,0,BENIGN
4944,5441,0,ANOMALY
442,3948,0,BENIGN
2551,4731,1,BENIGN
4226,2101,0,BENIGN
597,6484,0,BENIGN
1506,5231,0,ANOMALY
862,9983,0,BENIGN
2641,1981,0,BENIGN
3732,6170,0,BENIGN
1552,9935,0,BENIGN
3237,3431,0,BENIGN
1737,9566,0,BENIGN
1450,7349,0,BENIGN
265,4897,0,BENIGN
2660,8548,0,BENIGN
2722,2991,0,BENIGN
1463,3928,1,BENIGN
4253,6430,0,BENIGN
1446,4446,0,BENIGN
2299,7775,0,BENIGN
2926,9783,0,BENIGN
1633,6161,0,BENIGN
2375,3569,0,BENIGN
4991,3872,0,BENIGN
513,2335,0,BENIGN
216,6413,0,BENIGN
3332,1112,0,BENIGN
2173,4772,0,BENIGN
3154,6294,0,BENIGN
1707,2987,0,BENIGN
2107,5829,0,BENIGN
1568,2985,0,BENIGN
2209,6091,0,BENIGN
2332,1252,0,BENIGN
2154,9315,0,BENIGN
1129,1623,0,BENIGN
3511,4156,0,BENIGN
4324,4389,0,BENIGN
3654,4417,0,BENIGN
2366,3945,0,BENIGN
4898,9632,0,BENIGN
2922,3092,0,BENIGN
4568,3705,0,BENIGN
1080,4759,0,BENIGN
3512,6112,0,BENIGN
2742,1553,0,BENIGN
3021,5904,0,ANOMALY
229,2112,0,ANOMALY
171,3777,0,BENIGN
295,8097,0,BENIGN
4285,2314,0,BENIGN
426,4493,1,ANOMALY
919,9290,0,BENIGN
3254,8473,0,BENIGN
499,8015,0,BENIGN
2810,6710,0,BENIGN
4962,2222,0,BENIGN
826,5583,0,BENIGN
3780,6520,0,BENIGN
1859,8872,0,BENIGN
2119,9668,0,BENIGN
146,6431,0,BENIGN
4566,2705,0,BENIGN
3578,1517,0,BENIGN
193,2220,0,BENIGN
3889,3506,0,BENIGN
52,5325,0,BENIGN
2411,6479,0,ANOMALY
1821,8436,0,BENIGN
2965,4090,0,BENIGN
2522,7497,0,BENIGN
1870,6168,0,BENIGN
2569,7993,0,BENIGN
1868,1973,0,BENIGN
2739,6277,0,BENIGN
3270,9257,0,BENIGN
3200,7092,0,BENIGN
2580,3906,0,BENIGN
4006,1570,0,ANOMALY
4936,1307,0,BENIGN
241,4742,0,BENIGN
3441,9974,1,BENIGN
4632,1765,0,BENIGN
1408,9964,0,BENIGN
3503,8814,0,BENIGN
4039,8735,0,BENIGN
83,9036,0,BENIGN
3769,8596,0,BENIGN
951,1539,0,BENIGN
611,8985,0,ANOMALY
4670,3049,0,BENIGN
3606,4283,0,BENIGN
4555,5675,0,BENIGN
3284,2663,0,BENIGN
2174,7476,0,BENIGN
3485,4439,0,BENIGN
1523,9697,0,BENIGN
2602,8143,0,BENIGN
2658,4247,0,BENIGN
2160,4500,0,BENIGN
2450,2910,0,BENIGN
3831,1732,0,BENIGN
122,4513,0,BENIGN
4369,5609,0,BENIGN
1318,5456,0,BENIGN
4494,4335,0,BENIGN
2519,9168,0,BENIGN
1231,8056,0,BENIGN
1134,3753,0,BENIGN
1302,2372,0,BENIGN
4035,4376,0,BENIGN
1911,9481,0,BENIGN
1506,1063,0,BENIGN
3186,4945,0,BENIGN
1917,1329,0,BENIGN
4916,5858,0,BENIGN
3549,2963,0,BENIGN
2758,4088,0,BENIGN
1957,1140,0,BENIGN
179,5539,0,BENIGN
897,3473,0,BENIGN
1552,6594,0,BENIGN
492,4903,0,BENIGN
61,6364,0,BENIGN
1078,1449,0,BENIGN
2896,5446,0,BENIGN
4161,5694,0,ANOMALY
3684,5806,0,BENIGN
586,1869,0,BENIGN
3961,7079,0,BENIGN
3771,8307,0,BENIGN
535,4659,0,BENIGN
3463,4602,0,BENIGN
4012,9584,0,BENIGN
3399,3448,0,BENIGN
2156,8592,0,BENIGN
1005,3953,0,BENIGN
2500,6131,0,BENIGN
327,2358,0,BENIGN
4704,9219,0,ANOMALY
2707,1387,0,BENIGN
2,1832,0,BENIGN
1034,9441,0,BENIGN
2482,5193,0,BENIGN
125,2838,0,BENIGN
1105,1891,0,BENIGN
2700,6588,0,BENIGN
1862,2305,0,BENIGN
2921,6283,0,BENIGN
129,5548,0,BENIGN
438,5192,0,BENIGN
4847,7452,0,BENIGN
2549,9453,0,BENIGN
3130,3340,0,BENIGN
1222,2793,0,BENIGN
902,7394,1,BENIGN
3169,1324,0,BENIGN
4487,8848,0,BENIGN
3919,9114,0,BENIGN
1068,7644,0,BENIGN
27,5782,0,BENIGN
548,4137,0,ANOMALY
2669,4898,0,BENIGN
567,1835,0,BENIGN
704,5154,0,BENIGN
4281,3778,0,BENIGN
3141,7409,0,BENIGN
1591,5313,0,BENIGN
4944,6646,0,ANOMALY
4695,8608,0,BENIGN
806,4721,0,BENIGN
3792,8911,0,BENIGN
1358,2671,0,BENIGN
3226,1916,0,BENIGN
3619,6588,0,BENIGN
2127,7496,1,BENIGN
2461,2836,0,BENIGN
546,3138,0,BENIGN
2729,5007,0,BENIGN
3735,2905,0,BENIGN
2563,4989,0,BENIGN
2080,4485,0,BENIGN
2642,5797,0,ANOMALY
3115,3732,0,BENIGN
1927,8714,0,BENIGN
617,2321,0,BENIGN
3645,4354,0,BENIGN
1204,8101,0,BENIGN
1760,5743,0,BENIGN
2566,9951,1,BENIGN
3175,8014,0,BENIGN
3082,4412,0,BENIGN
2631,8825,0,BENIGN
3162,2357,0,ANOMALY
4322,4481,0,BENIGN
670,2766,0,BENIGN
3169,9219,0,BENIGN
2122,8163,0,BENIGN
4079,3470,0,BENIGN
4152,1159,0,BENIGN
720,3892,0,BENIGN
2601,6326,0,BENIGN
3599,5113,0,BENIGN
4670,8749,0,ANOMALY
667,8798,0,BENIGN
284,5999,0,BENIGN
3904,2570,0,BENIGN
3566,4405,0,BENIGN
2235,6527,0,BENIGN
4594,6848,0,BENIGN
1466,7817,0,BENIGN
130,2627,0,BENIGN
4735,7143,0,BENIGN
2061,9396,0,BENIGN
3673,7558,0,ANOMALY
2495,6272,0,BENIGN
993,8881,0,BENIGN
2122,9983,0,ANOMALY
2585,4747,0,BENIGN
4197,2607,0,BENIGN
2224,6074,0,BENIGN
4523,8153,0,BENIGN
3189,7733,0,BENIGN
3238,1066,0,BENIGN
4137,9000,0,BENIGN
4525,8645,0,BENIGN
344,5158,0,BENIGN
4462,1402,0,BENIGN
4705,8925,0,BENIGN
4824,5166,0,BENIGN
2277,3925,0,BENIGN
4921,3993,0,BENIGN
3202,1771,0,BENIGN
889,8371,0,BENIGN
2044,6713,0,BENIGN
1342,9167,0,BENIGN
3721,2556,0,BENIGN
2884,2151,0,BENIGN
4213,6314,0,BENIGN
2416,2217,0,BENIGN
1118,4944,0,BENIGN
4264,9039,0,BENIGN
3002,3042,0,BENIGN
1739,7303,0,BENIGN
1365,9897,0,BENIGN
2709,3669,0,BENIGN
4791,3113,0,BENIGN
925,3977,0,BENIGN
152,5378,0,BENIGN
586,8227,0,BENIGN
913,7261,0,BENIGN
2322,1422,0,BENIGN
496,9722,0,BENIGN
3796,1090,0,BENIGN
2149,4372,0,BENIGN
557,7036,0,BENIGN
1553,2942,0,BENIGN
2121,4805,0,BENIGN
3086,1097,0,BENIGN
3505,2479,0,BENIGN
157,5626,0,ANOMALY
735,6147,0,ANOMALY
4655,4647,0,BENIGN
3277,6443,0,BENIGN
155,1079,0,BENIGN
997,6577,0,BENIGN
2295,3223,0,BENIGN
4627,3569,0,ANOMALY
2906,5518,0,BENIGN
4825,2123,0,BENIGN
1178,3623,0,BENIGN
154,2403,0,BENIGN
4188,3578,0,BENIGN
1717,1331,0,BENIGN
3203,8485,0,BENIGN
2858,1739,0,BENIGN
787,9233,0,BENIGN
4369,5980,0,BENIGN
4273,4878,0,BENIGN
3768,2949,0,BENIGN
2879,4460,0,BENIGN
643,3128,0,ANOMALY
4663,5497,0,BENIGN
666,3154,0,BENIGN
3427,6230,1,BENIGN
3784,8444,0,BENIGN
3702,2237,0,BENIGN
1070,9697,0,BENIGN
2350,6240,0,BENIGN
4504,5815,0,ANOMALY
1213,1256,0,BENIGN
1153,2720,1,BENIGN
2512,8347,0,BENIGN
144,8076,0,BENIGN
2490,2071,0,BENIGN
3229,2622,0,BENIGN
4583,3066,0,BENIGN
4956,9642,0,BENIGN
3206,1897,0,BENIGN
4244,6175,0,BENIGN
3143,9273,0,BENIGN
3305,9928,1,BENIGN
1358,5174,0,BENIGN
2714,6781,0,BENIGN
4186,4944,0,BENIGN
1358,7426,0,BENIGN
4295,6435,0,ANOMALY
4634,3935,0,BENIGN
3193,6833,0,BENIGN
301,9088,0,BENIGN
724,1461,0,BENIGN
3011,1116,0,BENIGN
68,6785,0,BENIGN
3837,7507,0,BENIGN
3994,6830,0,BENIGN
2507,5561,0,BENIGN
1538,9127,0,BENIGN
398,1659,0,BENIGN
4716,3122,0,BENIGN
3358,2586,0,BENIGN
1164,5682,0,BENIGN
4826,7799,0,BENIGN
556,9826,0,BENIGN
3662,7987,1,ANOMALY
1752,8975,0,BENIGN
2942,3882,0,BENIGN
2658,6249,0,BENIGN
2796,3811,0,BENIGN
2330,6527,0,BENIGN
1960,2884,0,BENIGN
1602,9813,0,BENIGN
2794,6073,0,BENIGN
1481,6416,0,BENIGN
1103,6800,0,BENIGN
3277,7895,0,BENIGN
1300,7315,0,BENIGN
4995,5930,0,BENIGN
3880,3365,0,BENIGN
1536,1854,0,BENIGN
78,3728,0,BENIGN
2832,1915,0,BENIGN
3411,8173,0,BENIGN
2722,5938,0,BENIGN
3628,1131,0,BENIGN
1533,4593,1,BENIGN
238,1293,0,BENIGN
1997,4685,0,BENIGN
3428,9016,1,BENIGN
278,8762,0,BENIGN
3090,7846,0,BENIGN
524,8584,0,BENIGN
4276,8310,0,BENIGN
4219,6356,0,BENIGN
3123,1286,0,BENIGN
4576,9641,0,BENIGN
1798,7586,0,BENIGN
2132,6303,0,BENIGN
816,4116,0,BENIGN
2695,6874,0,BENIGN
443,7970,0,BENIGN
3141,9148,0,BENIGN
143,9444,0,BENIGN
4288,2235,0,BENIGN
1411,1999,0,BENIGN
4474,4760,0,BENIGN
535,5116,0,BENIGN
1717,5411,0,BENIGN
3365,6557,0,BENIGN
1033,6352,0,BENIGN
3343,4683,0,BENIGN
1411,3261,0,BENIGN
4501,2853,0,ANOMALY
1173,9791,0,BENIGN
889,7895,0,BENIGN
3339,3990,0,BENIGN
4518,1862,1,BENIGN
1642,5527,1,BENIGN
472,2219,0,ANOMALY
2941,4795,0,BENIGN
547,1527,0,BENIGN
4727,8369,0,BENIGN
3598,3922,0,BENIGN
2826,6849,0,BENIGN
3724,2162,0,BENIGN
364,1846,0,BENIGN
2167,7959,0,BENIGN
3310,4086,0,BENIGN
546,4283,0,ANOMALY
3241,4323,0,BENIGN
4730,1445,0,BENIGN
1937,2025,0,ANOMALY
963,2359,0,BENIGN
3006,9210,0,BENIGN
3807,7113,0,BENIGN
883,9752,0,BENIGN
3841,1471,0,BENIGN
871,1027,0,BENIGN
4612,9751,0,BENIGN
2986,4236,0,BENIGN
866,4948,0,BENIGN
4310,7172,1,BENIGN
3204,2979,0,BENIGN
2898,5921,0,BENIGN
2245,3326,0,ANOMALY
19,3330,1,BENIGN
642,8646,0,BENIGN
3084,2002,0,ANOMALY
330,7448,0,BENIGN
866,7837,0,ANOMALY
774,7467,0,BENIGN
4488,8354,0,ANOMALY
4733,3529,0,BENIGN
2355,2430,1,BENIGN
3339,4912,0,BENIGN
3519,2532,0,BENIGN
2943,2892,0,BENIGN
2568,2421,0,BENIGN
1675,9582,0,BENIGN
2684,6768,0,BENIGN
3381,3818,0,BENIGN
740,6617,0,BENIGN
1546,2195,0,BENIGN
4565,7229,0,BENIGN
2260,6305,0,BENIGN
1136,9077,0,BENIGN
874,1842,0,BENIGN
4556,6200,0,BENIGN
2301,6921,0,ANOMALY
752,1294,1,ANOMALY
854,7097,0,BENIGN
3733,7412,0,BENIGN
2284,9836,0,BENIGN
1330,7678,0,BENIGN
478,6020,0,BENIGN
2727,6743,0,BENIGN
3092,1110,0,BENIGN
4231,9775,0,BENIGN
4506,5864,0,BENIGN
1270,2648,0,BENIGN
4182,7381,0,BENIGN
2604,3381,0,BENIGN
1470,1105,0,BENIGN
378,6818,0,BENIGN
1681,1381,0,BENIGN
242,5356,0,BENIGN
920,6918,0,BENIGN
70,2316,0,ANOMALY
3925,6454,0,BENIGN
2087,5074,0,BENIGN
2008,5804,0,BENIGN
801,1906,0,BENIGN
2780,8621,0,BENIGN
4921,1662,0,BENIGN
756,7718,0,BENIGN
1996,9654,0,BENIGN
1322,1942,0,ANOMALY
2331,9349,0,BENIGN
110,7415,0,BENIGN
1017,4309,1,BENIGN
3866,2326,0,BENIGN
25,3106,0,BENIGN
4939,5799,0,BENIGN
2839,9839,0,BENIGN
738,3938,0,BENIGN
180,3483,0,ANOMALY
232,2375,0,BENIGN
1918,8856,0,BENIGN
343,1244,0,BENIGN
4573,3348,0,BENIGN
2624,1479,0,BENIGN
455,2935,0,BENIGN
4385,6757,0,ANOMALY
4626,1087,0,BENIGN
2277,9764,0,BENIGN
596,1178,0,BENIGN
3875,1162,0,BENIGN
4531,3640,0,BENIGN
4978,3348,0,BENIGN
4498,3421,0,BENIGN
2670,5298,0,BENIGN
2136,5142,0,BENIGN
3965,5503,1,BENIGN
1566,2217,0,BENIGN
309,3474,1,BENIGN
343,1929,0,ANOMALY
436,8958,0,BENIGN
177,9508,0,BENIGN
139,2502,0,BENIGN
194,1420,0,BENIGN
3258,6830,0,ANOMALY
3236,5358,0,BENIGN
943,2449,0,BENIGN
4621,6811,0,BENIGN
3880,9619,0,ANOMALY
3114,8871,1,BENIGN
2963,9588,0,BENIGN
4837,9987,0,BENIGN
4958,1106,0,ANOMALY
954,5049,0,BENIGN
1303,9289,0,ANOMALY
3382,2903,0,BENIGN
2881,8649,0,BENIGN
2188,4570,0,BENIGN
4888,6376,0,BENIGN
546,1042,0,BENIGN
1928,7385,0,BENIGN
4153,2577,0,BENIGN
5,7065,0,ANOMALY
3482,6885,0,BENIGN
3254,9576,0,BENIGN
1363,4577,0,BENIGN
1821,4238,0,BENIGN
2664,6244,0,BENIGN
2939,3134,0,BENIGN
1274,4892,0,BENIGN
3327,5321,0,BENIGN
3660,6776,0,BENIGN
2946,6828,0,BENIGN
3019,4815,0,BENIGN
1132,1295,0,BENIGN
4764,1413,0,BENIGN
2637,6956,0,BENIGN
3030,7278,0,BENIGN
3020,7668,0,BENIGN
4378,9195,0,BENIGN
3160,1177,0,BENIGN
254,9937,0,BENIGN
329,5354,0,BENIGN
2592,9843,0,BENIGN
2831,6914,0,ANOMALY
3045,6482,0,BENIGN
1421,4271,0,BENIGN
3402,7687,0,BENIGN
2893,6392,0,BENIGN
655,1289,0,BENIGN
760,9994,1,BENIGN
1799,9425,0,BENIGN
2972,1407,0,BENIGN
4512,1693,0,BENIGN
3427,2169,0,BENIGN
255,9623,0,BENIGN
3824,8782,0,BENIGN
1877,4044,0,BENIGN
2758,6530,0,BENIGN
2625,5992,0,BENIGN
4996,4924,0,BENIGN
4122,7970,0,BENIGN
3005,4312,1,BENIGN
4517,5318,0,BENIGN
3735,2688,0,BENIGN
1245,1467,0,BENIGN
1009,3422,0,ANOMALY
4315,8279,0,BENIGN
1511,5507,0,BENIGN
1960,5721,0,BENIGN
2509,6371,0,BENIGN
4759,8541,0,BENIGN
2683,2486,0,BENIGN
990,4749,0,ANOMALY
4285,9059,0,BENIGN
255,3503,0,BENIGN
4164,8855,0,BENIGN
4712,8055,0,BENIGN
4970,1399,0,BENIGN
4453,5382,0,BENIGN
256,2539,0,BENIGN
1008,9428,0,BENIGN
1756,8185,0,BENIGN
2572,5910,0,BENIGN
3909,5509,0,BENIGN
2998,7051,0,BENIGN
2804,7152,0,BENIGN
3766,9611,1,BENIGN
4380,5124,0,BENIGN
3384,3395,0,BENIGN
99,9852,0,BENIGN
197,4950,0,BENIGN
2530,1449,0,BENIGN
878,1379,1,ANOMALY
1869,8285,0,BENIGN
2666,3301,0,BENIGN
1389,8710,0,BENIGN
2416,6792,0,BENIGN
570,9918,0,ANOMALY
2638,8216,1,BENIGN
1066,5905,0,BENIGN
422,6999,0,BENIGN
2884,9607,0,BENIGN
1205,8122,1,BENIGN
545,1599,1,BENIGN
4167,8288,0,BENIGN
3640,8921,0,BENIGN
1224,2567,0,BENIGN
3173,2094,0,BENIGN
768,7191,0,ANOMALY
3658,2458,0,BENIGN
655,9046,0,BENIGN
2447,5934,0,BENIGN
221,2354,0,BENIGN
3667,7473,0,BENIGN
4278,9404,0,ANOMALY
4403,4894,1,BENIGN
2570,9032,0,BENIGN
1014,3963,0,BENIGN
2052,4042,0,BENIGN
3986,7973,0,BENIGN
4944,8139,0,BENIGN
4900,7930,1,BENIGN
4311,2732,0,BENIGN
3020,8870,0,ANOMALY
3682,6340,0,BENIGN
1444,6111,0,BENIGN
4197,4081,0,BENIGN
3011,8802,1,BENIGN
573,8527,0,BENIGN
1333,5868,0,BENIGN
4754,2529,0,BENIGN
4003,2081,0,ANOMALY
3135,8994,0,BENIGN
4087,4531,0,BENIGN
226,1716,0,BENIGN
4201,7229,0,ANOMALY
1998,1204,1,BENIGN
772,7784,0,BENIGN
4525,5094,0,BENIGN
434,6482,0,BENIGN
3100,6740,0,BENIGN
2730,8219,0,ANOMALY
3408,7154,0,BENIGN
3141,5842,0,BENIGN
866,9103,0,BENIGN
2794,3018,0,BENIGN
2912,6051,0,BENIGN
2416,9709,0,ANOMALY
251,8835,0,BENIGN
4952,2438,0,ANOMALY
3758,5086,0,BENIGN
4657,6127,0,BENIGN
919,3052,0,ANOMALY
1174,8529,0,BENIGN
3204,8147,0,BENIGN
433,5368,0,BENIGN
836,5517,0,BENIGN
2247,3312,0,BENIGN
2263,6577,0,BENIGN
898,9973,0,ANOMALY
3633,2244,0,BENIGN
4568,3416,1,BENIGN
3816,7490,0,BENIGN
247,7168,0,BENIGN
2430,6839,0,BENIGN
991,9608,0,BENIGN
3311,9406,0,BENIGN
927,8097,0,BENIGN
3439,6009,0,BENIGN
2608,2582,0,BENIGN
1075,9924,0,BENIGN
4023,8876,0,BENIGN
3800,3427,0,BENIGN
4785,6721,0,BENIGN
3152,9423,0,BENIGN
3439,5930,0,ANOMALY
4574,5353,0,BENIGN
3492,8832,0,BENIGN
707,6375,0,BENIGN
3065,1402,0,BENIGN
754,7567,0,BENIGN
588,5865,0,BENIGN
1335,9146,1,BENIGN
1848,1064,0,BENIGN
3935,3237,0,BENIGN
3927,8770,0,BENIGN
3318,1172,0,BENIGN
4021,8935,0,BENIGN
3156,3675,0,BENIGN
4303,5005,1,BENIGN
2199,7544,0,BENIGN
165,9829,1,BENIGN
1999,1948,0,BENIGN
3058,2694,0,BENIGN
2085,5757,0,ANOMALY
4429,7282,0,ANOMALY
403,1142,0,BENIGN
414,7001,0,BENIGN
45,7652,0,BENIGN
4158,5581,1,BENIGN
2468,6087,0,ANOMALY
868,2460,0,BENIGN
19,4887,0,BENIGN
365,9484,0,BENIGN
3833,1837,0,BENIGN
580,6846,0,BENIGN
546,9463,0,BENIGN
4151,3369,0,BENIGN
4874,9997,0,BENIGN
3040,4174,0,BENIGN
4138,6985,0,ANOMALY
4045,1882,0,BENIGN
4327,4171,0,BENIGN
453,3040,0,BENIGN
3962,7732,0,ANOMALY
1382,7372,0,BENIGN
1468,6985,0,BENIGN
2739,8562,0,BENIGN
1217,6900,1,ANOMALY
881,8965,0,BENIGN
3815,6316,0,BENIGN
3150,9465,0,BENIGN
85,1589,0,BENIGN
4145,9774,0,BENIGN
1169,6063,0,BENIGN
4165,4633,0,BENIGN
3130,2990,0,BENIGN
3646,7515,0,BENIGN
2527,2258,1,ANOMALY
2868,3866,0,BENIGN
3517,4738,0,BENIGN
3368,1571,0,BENIGN
2195,9736,0,BENIGN
3556,5222,0,BENIGN
446,1637,0,BENIGN
3627,9232,1,BENIGN
4017,5882,1,BENIGN
3876,5392,0,BENIGN
3338,4672,0,BENIGN
262,8257,0,BENIGN
1849,5711,0,BENIGN
4993,6643,0,BENIGN
4026,1159,0,BENIGN
2267,6938,0,BENIGN
92,1580,0,BENIGN
4223,9411,0,ANOMALY
4176,8586,0,BENIGN
3310,5474,0,BENIGN
983,8073,1,BENIGN
3444,6059,0,BENIGN
2534,5328,0,BENIGN
694,2394,0,ANOMALY
4121,1921,0,BENIGN
156,3773,0,BENIGN
3589,5462,0,BENIGN
1813,5576,0,BENIGN
4115,4434,0,BENIGN
1408,7733,0,BENIGN
1217,2865,0,BENIGN
1411,1724,0,BENIGN
3498,1711,1,BENIGN
4373,8710,0,BENIGN
4841,6080,1,BENIGN
552,1390,0,BENIGN
3395,5487,0,BENIGN
1177,9116,0,BENIGN
4735,7747,1,BENIGN
4333,7066,0,ANOMALY
998,5494,0,BENIGN
4077,4572,0,BENIGN
2732,8769,1,BENIGN
3938,3311,0,BENIGN
4053,7773,0,BENIGN
373,7905,0,BENIGN
2249,4642,0,BENIGN
849,7338,0,BENIGN
2557,3609,0,BENIGN
2323,7240,0,BENIGN
504,8806,0,BENIGN
3190,1757,0,BENIGN
703,6086,0,ANOMALY
3626,7220,0,ANOMALY
315,6602,0,BENIGN
2377,7121,0,BENIGN
1041,9956,0,BENIGN
4379,3725,0,BENIGN
2991,4368,0,BENIGN
258,4497,0,BENIGN
575,9174,0,BENIGN
4670,6642,0,BENIGN
1553,9774,0,ANOMALY
4519,5766,1,BENIGN
758,5633,0,BENIGN
2811,2821,0,BENIGN
1105,2185,0,BENIGN
4525,2637,0,BENIGN
3460,8236,0,ANOMALY
3993,9380,0,BENIGN
204,2746,0,BENIGN
2776,6797,0,BENIGN
2333,9089,0,BENIGN
1993,3620,0,BENIGN
2244,8597,0,BENIGN
307,9002,0,BENIGN
1688,7107,0,BENIGN
4110,3793,0,ANOMALY
1861,3500,0,BENIGN
1962,9361,0,BENIGN
723,5925,0,BENIGN
780,2080,0,BENIGN
529,5864,0,BENIGN
4894,5453,0,BENIGN
344,3248,0,BENIGN
3787,2325,0,ANOMALY
3683,4873,0,BENIGN
209,2688,0,BENIGN
4737,3985,0,BENIGN
3407,3076,1,BENIGN
1312,2461,0,BENIGN
2300,1072,0,BENIGN
3337,7030,0,BENIGN
1948,5611,0,ANOMALY
920,3796,0,BENIGN
2045,8717,0,BENIGN
419,5516,0,BENIGN
1750,3493,0,BENIGN
2843,5231,0,BENIGN
1100,4576,0,BENIGN
3393,9100,0,BENIGN
2773,6728,0,BENIGN
2481,1032,0,BENIGN
1546,5373,0,ANOMALY
1071,4598,0,BENIGN
1851,3392,0,BENIGN
4199,7705,0,ANOMALY
2940,7790,0,BENIGN
1904,3677,0,BENIGN
679,2401,0,BENIGN
989,1817,0,BENIGN
2476,7203,0,BENIGN
1608,5562,1,BENIGN
2870,5723,0,ANOMALY
1503,3438,0,BENIGN
1790,7828,0,BENIGN
1426,2210,0,BENIGN
2441,7641,0,BENIGN
2043,1599,0,ANOMALY
1279,6480,0,BENIGN
2595,2846,0,BENIGN
4690,7592,0,BENIGN
2437,8861,0,BENIGN
3804,2887,0,BENIGN
2206,1679,0,BENIGN
1028,4252,0,BENIGN
3540,2835,0,BENIGN
3484,3177,0,BENIGN
2242,9142,0,ANOMALY
2766,1148,0,ANOMALY
1174,2495,0,BENIGN
3231,2744,0,BENIGN
3351,2646,0,BENIGN
4912,3995,0,BENIGN
404,7643,0,ANOMALY
4989,8378,0,BENIGN
2726,9849,0,BENIGN
3383,4667,0,BENIGN
4164,1576,0,BENIGN
88,5779,0,BENIGN
1159,9187,0,BENIGN
4274,3972,0,BENIGN
2858,8756,0,ANOMALY
1382,4948,0,ANOMALY
4682,7544,0,BENIGN
2065,3045,0,BENIGN
2375,2627,0,BENIGN
318,2488,0,ANOMALY
1503,4563,0,BENIGN
2043,2802,0,BENIGN
4599,4591,0,BENIGN
2023,4520,0,BENIGN
119,6896,0,BENIGN
710,8643,0,BENIGN
3558,8041,0,BENIGN
4141,4311,0,BENIGN
4410,3305,1,BENIGN
3251,8875,0,ANOMALY
418,2967,0,BENIGN
2604,9009,0,BENIGN
3855,6462,0,ANOMALY
1102,7897,0,BENIGN
4422,4458,0,BENIGN
3429,9585,0,BENIGN
2262,5778,0,BENIGN
4170,4730,0,BENIGN
3635,5365,0,BENIGN
509,8547,0,BENIGN
2380,1027,0,ANOMALY
3165,4491,0,BENIGN
688,7423,0,BENIGN
4753,6301,0,BENIGN
1293,7160,0,BENIGN
3906,2173,0,BENIGN
3076,1338,0,ANOMALY
3210,1841,0,BENIGN
325,1293,0,BENIGN
1994,7558,0,BENIGN
3977,2647,0,BENIGN
4813,5898,0,BENIGN
2771,5526,1,BENIGN
4373,6614,0,BENIGN
2584,4801,0,BENIGN
3558,9280,0,BENIGN
3588,8376,1,BENIGN
152,1899,0,BENIGN
955,4477,0,BENIGN
4355,2744,0,ANOMALY
2372,7096,0,BENIGN
4965,3253,0,BENIGN
1192,2633,0,BENIGN
688,8001,0,BENIGN
310,8020,0,BENIGN
1503,9149,0,BENIGN
3128,5701,0,BENIGN
4569,7735,0,BENIGN
3368,2013,0,BENIGN
3396,4299,0,BENIGN
814,2506,0,BENIGN
846,5803,0,BENIGN
1165,1977,0,BENIGN
4763,2817,0,BENIGN
1768,5901,0,BENIGN
355,7798,0,BENIGN
1873,1473,0,BENIGN
2025,1567,0,BENIGN
2818,8966,0,ANOMALY
3833,3258,0,BENIGN
4276,9120,0,BENIGN
66,5310,0,BENIGN
4916,2982,0,BENIGN
4267,2096,0,BENIGN
4091,7610,0,BENIGN
2522,4570,0,BENIGN
2582,7497,0,BENIGN
1391,4646,0,BENIGN
1131,3419,0,ANOMALY
2487,5279,0,BENIGN
835,1673,0,BENIGN
227,3802,0,BENIGN
3516,8312,0,BENIGN
4538,3369,0,BENIGN
2444,5530,0,BENIGN
728,2066,0,BENIGN
3687,6432,0,BENIGN
3623,9073,0,BENIGN
1037,1687,1,BENIGN
1833,1068,0,BENIGN
2741,7774,0,ANOMALY
493,1419,0,BENIGN
1549,7891,0,BENIGN
1144,6593,0,BENIGN
3958,7104,0,BENIGN
3408,4892,0,ANOMALY
640,1439,0,BENIGN
173,2208,0,BENIGN
4355,3563,0,BENIGN
3960,8466,1,BENIGN
517,2253,0,BENIGN
523,4209,0,BENIGN
1918,4549,0,BENIGN
2887,1614,0,BENIGN
2165,4078,0,BENIGN
1930,4490,0,BENIGN
3946,4543,0,BENIGN
2210,9102,0,BENIGN
3784,2900,0,BENIGN
2591,6680,0,BENIGN
4935,7751,0,BENIGN
4077,6862,0,BENIGN
1094,2712,0,BENIGN
3881,3329,0,ANOMALY
2495,2194,0,BENIGN
2580,7781,0,BENIGN
2489,9162,0,BENIGN
2786,5906,0,BENIGN
2759,2378,0,BENIGN
1575,1749,0,BENIGN
2374,6292,0,BENIGN
3991,1300,0,BENIGN
4846,5695,0,BENIGN
1094,5624,0,BENIGN
1190,4837,0,BENIGN
2690,1277,0,BENIGN
4096,4917,0,BENIGN
1876,8307,0,BENIGN
3407,3161,0,BENIGN
1788,2389,0,BENIGN
3933,9882,1,ANOMALY
1608,5732,0,BENIGN
3749,4468,0,BENIGN
49,7141,0,BENIGN
3862,6969,0,BENIGN
2181,4816,0,BENIGN
3047,6037,0,BENIGN
2834,6994,0,BENIGN
1398,3451,0,BENIGN
3827,1024,0,BENIGN
4575,6962,0,BENIGN
832,3556,0,ANOMALY
2698,8632,0,BENIGN
4778,1060,0,BENIGN
2736,8675,0,ANOMALY
82,1122,0,BENIGN
87,6616,0,BENIGN
2064,2186,0,BENIGN
822,6158,0,BENIGN
163,8864,0,BENIGN
3740,5089,0,ANOMALY
2398,3472,0,BENIGN
1933,8450,0,BENIGN
2729,3964,0,BENIGN
3536,9104,0,BENIGN
3447,2310,0,BENIGN
2791,9346,0,BENIGN
2708,3212,0,BENIGN
3934,7792,0,BENIGN
3386,9703,1,BENIGN
923,9378,0,BENIGN
2176,2845,0,BENIGN
1583,8660,0,BENIGN
565,2702,0,BENIGN
3259,1390,0,BENIGN
2598,1654,0,BENIGN
2501,6835,1,BENIGN
4567,5271,0,BENIGN
988,9955,0,BENIGN
3637,4400,0,BENIGN
224,6319,0,BENIGN
351,7732,0,BENIGN
1929,7674,0,BENIGN
349,2085,0,ANOMALY
4278,6446,0,BENIGN
4733,5376,0,BENIGN
1018,2963,0,BENIGN
2227,6177,0,BENIGN
4868,5572,0,BENIGN
4125,8543,0,BENIGN
2420,9907,0,BENIGN
1894,1242,0,BENIGN
3041,7510,1,BENIGN
2069,4915,0,BENIGN
1126,1837,0,BENIGN
3118,4323,0,BENIGN
4162,3953,0,BENIGN
4043,2432,0,BENIGN
4434,7854,0,BENIGN
2171,8655,0,BENIGN
447,9431,0,BENIGN
2659,9330,0,BENIGN
3363,9611,0,BENIGN
2719,1303,1,BENIGN
3484,3162,0,BENIGN
2945,7486,0,ANOMALY
4377,5102,0,BENIGN
596,7874,0,BENIGN
1987,2168,0,BENIGN
2751,1415,0,BENIGN
1075,6243,0,BENIGN
3970,1149,0,BENIGN
4306,7524,0,BENIGN
4222,6899,0,BENIGN
4588,1838,0,BENIGN
3581,7144,0,BENIGN
3008,8466,0,ANOMALY
970,2320,0,BENIGN
581,2523,0,BENIGN
2825,6234,0,BENIGN
4002,7144,0,BENIGN
1212,1552,0,BENIGN
230,4756,0,BENIGN
4285,4671,0,BENIGN
3186,1481,0,BENIGN
502,1599,1,BENIGN
2133,8677,0,BENIGN
49,2982,0,BENIGN
3567,2634,1,ANOMALY
3056,8830,1,BENIGN
689,3997,0,BENIGN
387,1686,0,ANOMALY
970,6529,0,BENIGN
3461,2759,0,BENIGN
1006,8023,0,BENIGN
3053,7208,0,BENIGN
3418,8234,0,BENIGN
2303,3480,0,BENIGN
2284,8476,1,ANOMALY
1608,8770,0,BENIGN
4367,1114,0,BENIGN
123,1568,1,BENIGN
1281,8951,0,BENIGN
3728,3689,0,BENIGN
259,5590,0,BENIGN
948,4340,0,BENIGN
4959,3988,0,BENIGN
525,4151,0,BENIGN
888,4015,0,BENIGN
208,7345,0,BENIGN
3383,4574,0,BENIGN
2795,8838,0,BENIGN
149,2608,0,BENIGN
438,1559,0,BENIGN
2203,7621,0,BENIGN
3750,8126,0,BENIGN
3162,6565,0,BENIGN
3902,5435,0,BENIGN
4454,6650,0,BENIGN
3246,9803,0,BENIGN
4552,2881,0,BENIGN
2824,5169,0,BENIGN
4725,4863,0,BENIGN
3271,8436,0,ANOMALY
486,4708,0,BENIGN
200,2709,0,ANOMALY
4467,8860,0,BENIGN
1983,2692,0,BENIGN
1472,1125,0,BENIGN
4344,2199,1,BENIGN
4884,7092,0,BENIGN
2312,3711,0,BENIGN
3374,7228,0,BENIGN
2079,6995,0,BENIGN
1522,9182,0,BENIGN
605,6502,0,BENIGN
3849,6760,0,BENIGN
3343,6582,0,BENIGN
1418,3498,0,BENIGN
4598,3565,0,ANOMALY
3876,7989,0,BENIGN
2934,5790,0,BENIGN
549,6024,0,BENIGN
839,9307,1,BENIGN
3816,2031,0,BENIGN
848,2241,0,ANOMALY
4710,2742,0,BENIGN
4508,6709,0,BENIGN
4774,6999,0,ANOMALY
4255,5090,0,BENIGN
4469,9160,0,BENIGN
2273,7883,0,BENIGN
3321,6129,0,BENIGN
2559,5403,0,BENIGN
4699,7577,0,BENIGN
4312,5897,0,BENIGN
1997,1163,0,BENIGN
3674,4310,0,BENIGN
1565,4388,0,BENIGN
4019,1995,0,BENIGN
1841,7161,0,BENIGN
3292,2877,0,BENIGN
2888,9103,0,BENIGN
727,4264,0,BENIGN
1245,2348,0,BENIGN
3461,3251,0,BENIGN
3719,8290,0,ANOMALY
1066,9018,0,ANOMALY
4772,7590,0,BENIGN
283,8658,0,BENIGN
1082,1432,0,BENIGN
3886,6743,0,BENIGN
2882,6247,1,BENIGN
2585,8715,0,BENIGN
2971,4817,0,BENIGN
1153,2070,0,BENIGN
3498,5600,0,BENIGN
948,9306,0,BENIGN
4761,1994,0,BENIGN
1718,5318,0,BENIGN
67,5731,0,BENIGN
637,7068,0,BENIGN
314,8670,0,BENIGN
3398,5767,0,BENIGN
565,1957,0,ANOMALY
1602,9287,0,BENIGN
826,3154,0,BENIGN
3671,1631,0,BENIGN
1026,7045,1,BENIGN
2252,1697,0,BENIGN
4758,1031,1,BENIGN
805,7209,0,BENIGN
2452,5874,0,BENIGN
4632,6562,0,BENIGN
1392,9740,0,ANOMALY
1236,3248,0,BENIGN
4033,7192,0,ANOMALY
3281,7406,0,BENIGN
4724,2156,0,BENIGN
4845,9535,0,ANOMALY
3550,6295,0,BENIGN
4201,7154,0,BENIGN
4142,3248,0,BENIGN
1355,4285,0,BENIGN
1837,3003,0,BENIGN
2893,4615,0,BENIGN
2497,4672,0,BENIGN
2584,8458,0,BENIGN
2559,3155,0,BENIGN
3619,4479,0,BENIGN
1560,1051,0,BENIGN
1508,3159,0,BENIGN
4072,5390,0,BENIGN
2064,4651,0,BENIGN
3643,8356,0,BENIGN
2001,3112,0,BENIGN
1295,6765,0,BENIGN
4066,2354,0,BENIGN
2753,6620,0,BENIGN
1754,4754,1,BENIGN
4211,1209,1,BENIGN
1604,7232,0,ANOMALY
1323,8846,0,BENIGN
2442,7171,0,BENIGN
1099,1237,0,BENIGN
1506,9527,0,BENIGN
1127,9075,0,BENIGN
297,2576,1,BENIGN
3050,9691,0,BENIGN
2226,9982,0,BENIGN
4355,4540,0,BENIGN
3788,8257,0,BENIGN
2097,1149,0,BENIGN
3610,2624,0,BENIGN
2209,8661,0,BENIGN
176,3574,0,BENIGN
2503,5428,0,BENIGN
4000,8529,0,BENIGN
1668,5269,0,BENIGN
4372,8769,0,BENIGN
2546,3108,0,BENIGN
676,4947,0,ANOMALY
1824,8899,0,BENIGN
1357,5914,0,ANOMALY
3073,7667,1,BENIGN
3260,3263,0,BENIGN
547,4815,0,BENIGN
2084,1577,0,BENIGN
2041,1422,0,BENIGN
4535,3763,0,BENIGN
1753,2229,0,BENIGN
1616,4176,0,BENIGN
1850,9945,0,ANOMALY
2643,1687,1,BENIGN
1601,1722,0,BENIGN
3397,1746,0,BENIGN
4403,5337,0,BENIGN
3606,3712,0,ANOMALY
3800,1707,1,BENIGN
619,9626,0,BENIGN
1133,1483,0,BENIGN
2116,2533,1,BENIGN
2340,1169,0,BENIGN
2740,2020,0,BENIGN
4277,8093,0,BENIGN
1488,7466,0,BENIGN
1558,1847,0,BENIGN
2114,9887,0,BENIGN
1045,4346,0,BENIGN
2432,5013,0,BENIGN
1583,9078,0,BENIGN
1309,1031,0,BENIGN
4918,9368,0,BENIGN
602,8877,0,BENIGN
1621,7170,0,BENIGN
4881,8830,0,BENIGN
4767,3315,0,ANOMALY
101,1065,0,BENIGN
4272,2928,0,BENIGN
238,6011,0,BENIGN
4026,8533,0,BENIGN
2919,7225,0,BENIGN
2543,6447,0,BENIGN
2004,1584,0,BENIGN
1538,7470,0,BENIGN
755,7685,0,BENIGN
3369,6244,0,BENIGN
2259,9154,0,BENIGN
3666,8951,0,BENIGN
4236,2748,0,BENIGN
541,8670,0,ANOMALY
270,3204,0,BENIGN
3461,2892,0,BENIGN
3409,8018,0,BENIGN
506,4093,1,BENIGN
1130,1973,0,BENIGN
2080,5024,0,ANOMALY
3146,7615,1,BENIGN
3243,5329,0,BENIGN
4909,7715,0,BENIGN
362,2477,0,BENIGN
3721,6689,0,BENIGN
1457,9962,0,BENIGN
4068,8329,0,BENIGN
4196,7444,0,ANOMALY
1682,9497,0,BENIGN
1053,1001,0,BENIGN
2510,9462,0,ANOMALY
4728,7843,0,BENIGN
682,6972,0,BENIGN
3933,8903,1,BENIGN
2130,6105,0,BENIGN
4850,8702,0,BENIGN
4017,3914,0,BENIGN
3303,6156,0,BENIGN
720,9298,0,BENIGN
75,4168,0,BENIGN
1294,3599,1,BENIGN
1923,6716,0,BENIGN
4158,3235,0,BENIGN
4970,3799,0,BENIGN
320,8013,0,BENIGN
2150,6473,0,BENIGN
1453,1018,0,ANOMALY
4970,1858,0,BENIGN
1556,6380,1,BENIGN
4208,4032,0,BENIGN
3033,5505,0,BENIGN
461,6789,0,BENIGN
887,3531,0,ANOMALY
3534,8471,0,BENIGN
3937,5719,0,BENIGN
1116,5863,0,BENIGN
1076,5038,0,BENIGN
3877,3452,0,BENIGN
4616,3846,0,BENIGN
4908,9064,0,BENIGN
1925,7622,0,BENIGN
927,9896,0,BENIGN
4653,4462,0,BENIGN
2282,2159,0,BENIGN
1056,5626,0,BENIGN
4675,8056,0,BENIGN
542,4722,0,BENIGN
2162,4560,0,BENIGN
2252,7117,0,BENIGN
1053,7589,0,BENIGN
4570,7849,0,BENIGN
2745,3243,0,BENIGN
3870,9177,0,BENIGN
4482,2760,0,BENIGN
4158,6442,0,BENIGN
4611,8679,0,BENIGN
4526,3675,0,ANOMALY
4676,8124,0,BENIGN
1561,6781,0,BENIGN
3763,4236,0,ANOMALY
1165,6898,0,BENIGN
2723,9235,0,BENIGN
2359,9680,1,ANOMALY
471,5276,0,BENIGN
1417,5723,0,BENIGN
1469,6644,0,BENIGN
809,2115,0,BENIGN
172,2781,0,BENIGN
4127,9842,0,ANOMALY
4143,2876,0,BENIGN
4226,6363,0,BENIGN
2400,9532,0,ANOMALY
1646,4375,0,BENIGN
58,3750,0,ANOMALY
1130,4276,0,BENIGN
1354,1448,0,ANOMALY
768,6537,0,ANOMALY
3896,5172,0,BENIGN
683,9989,0,BENIGN
3455,4496,0,BENIGN
2009,3182,0,BENIGN
3143,4326,0,BENIGN
1791,9837,0,BENIGN
1478,1719,0,BENIGN
886,2522,0,BENIGN
3907,7756,0,ANOMALY
4493,7627,0,BENIGN
1539,2069,0,BENIGN
2074,6562,0,BENIGN
313,8749,0,BENIGN
811,5887,0,ANOMALY
2236,5674,0,BENIGN
2858,3156,0,BENIGN
2764,8944,0,BENIGN
2033,5139,0,BENIGN
1508,6629,0,BENIGN
4546,8087,0,BENIGN
2571,6078,0,BENIGN
1895,7405,0,BENIGN
2706,7871,0,ANOMALY
597,1632,0,BENIGN
2148,3199,0,BENIGN
616,6353,0,BENIGN
948,3910,0,ANOMALY
4652,1622,0,ANOMALY
4374,7073,0,BENIGN
3765,1360,0,ANOMALY
2014,7365,0,ANOMALY
3698,9401,0,BENIGN
491,4943,0,BENIGN
4351,5869,0,BENIGN
2429,9128,0,BENIGN
4988,1877,0,BENIGN
542,5795,0,BENIGN
1288,8791,0,ANOMALY
1634,3523,0,BENIGN
4921,7270,0,BENIGN
2927,9583,1,BENIGN
1353,7623,0,BENIGN
4377,6088,0,BENIGN
1299,8564,0,BENIGN
4869,8066,0,BENIGN
3968,7545,0,BENIGN
4424,3321,0,BENIGN
2259,9149,0,BENIGN
4648,9125,0,BENIGN
2074,9330,0,BENIGN
702,9294,0,BENIGN
1920,6333,0,BENIGN
2461,9675,0,BENIGN
4263,8858,0,ANOMALY
4265,5319,0,BENIGN
4325,6389,0,ANOMALY
367,2848,0,BENIGN
528,4205,0,BENIGN
4887,3161,0,BENIGN
3719,2464,0,BENIGN
3610,1643,0,ANOMALY
3936,6351,0,BENIGN
4620,5553,0,BENIGN
2154,7518,0,BENIGN
1909,6723,0,BENIGN
3013,8946,0,ANOMALY
4229,1610,0,BENIGN
3023,5302,0,ANOMALY
3484,2543,0,BENIGN
2721,2466,0,BENIGN
1771,7236,0,BENIGN
4114,2181,0,BENIGN
1778,3146,0,BENIGN
4213,3272,1,BENIGN
798,5536,0,BENIGN
3216,1719,0,BENIGN
3789,5680,0,BENIGN
2977,4472,0,ANOMALY
3738,4642,0,BENIGN
1712,1063,0,BENIGN
753,1559,0,BENIGN
2470,8446,0,BENIGN
3970,2733,0,BENIGN
1393,9861,0,BENIGN
2606,4894,0,ANOMALY
678,2542,0,BENIGN
106,3415,0,BENIGN
3288,7090,0,BENIGN
4754,6217,0,BENIGN
1947,6387,0,ANOMALY
1096,6179,0,BENIGN
1783,9187,1,BENIGN
4542,7643,1,ANOMALY
3258,8660,0,BENIGN
1998,3458,0,BENIGN
4870,7028,0,BENIGN
1562,6447,0,ANOMALY
4007,5559,0,BENIGN
1676,3749,0,BENIGN
1123,2948,0,BENIGN
3982,7306,0,ANOMALY
1302,9251,0,BENIGN
944,9092,0,BENIGN
4551,9524,0,BENIGN
946,1189,0,ANOMALY
601,7008,0,ANOMALY
2701,8482,0,BENIGN
4821,1295,0,BENIGN
1418,9368,0,BENIGN
1525,9168,0,BENIGN
3767,1799,0,BENIGN
251,9997,0,BENIGN
1545,8003,0,ANOMALY
79,9406,0,BENIGN
3124,3700,0,BENIGN
898,9788,0,BENIGN
4877,6873,0,BENIGN
226,5714,0,BENIGN
1210,7491,0,BENIGN
4899,9333,0,BENIGN
4838,3839,0,BENIGN
2179,4513,0,BENIGN
2680,2135,0,BENIGN
2886,7357,0,BENIGN
2807,3247,0,ANOMALY
704,7548,0,BENIGN
2545,5516,0,BENIGN
2371,5102,0,BENIGN
3282,2548,0,BENIGN
4711,7532,0,BENIGN
329,5511,0,BENIGN
4229,3831,0,BENIGN
4931,4062,0,BENIGN
121,8975,0,BENIGN
965,4052,0,ANOMALY
4225,8210,0,BENIGN
3676,4539,0,BENIGN
2077,1526,0,BENIGN
333,3807,0,BENIGN
3369,2753,0,BENIGN
1317,7882,0,BENIGN
1197,2654,0,BENIGN
3171,5841,0,BENIGN
1430,5041,0,BENIGN
356,6024,0,BENIGN
4235,9965,0,BENIGN
1527,9734,0,BENIGN
3898,5417,0,BENIGN
29,9977,0,BENIGN
1014,5635,0,BENIGN
2703,3883,0,BENIGN
828,6884,0,BENIGN
4447,1448,0,BENIGN
2025,4310,0,BENIGN
299,5585,0,ANOMALY
1866,9108,0,BENIGN
4017,5409,0,BENIGN
2112,8873,0,BENIGN
755,7051,0,BENIGN
770,9576,0,BENIGN
3736,1294,0,ANOMALY
1239,2238,0,BENIGN
4930,9041,0,BENIGN
2214,3816,0,ANOMALY
1907,2098,0,BENIGN
1565,2737,0,BENIGN
1219,3189,0,BENIGN
4602,3765,0,BENIGN
1358,2222,0,BENIGN
3840,7549,0,BENIGN
1461,1410,0,BENIGN
3986,3945,0,BENIGN
1417,9102,0,BENIGN
2854,5786,0,BENIGN
4857,1786,1,BENIGN
4929,3109,0,BENIGN
1429,6446,0,BENIGN
4379,6835,0,BENIGN
4475,2986,0,BENIGN
4294,9126,0,BENIGN
3063,8300,0,BENIGN
3072,6709,0,BENIGN
556,3403,1,BENIGN
356,9262,0,BENIGN
1564,5401,0,BENIGN
3501,7701,0,BENIGN
1041,4295,0,BENIGN
2687,9953,0,BENIGN
4475,3121,0,BENIGN
4776,4582,1,BENIGN
2554,5197,0,BENIGN
1780,6700,0,BENIGN
4995,8232,0,BENIGN
76,5288,0,BENIGN
4327,2085,0,BENIGN
3320,9645,0,BENIGN
2350,3621,0,BENIGN
2774,9810,0,BENIGN
2263,9828,0,BENIGN
3230,3348,0,BENIGN
2117,5874,0,BENIGN
393,4036,0,BENIGN
1109,3349,1,BENIGN
4363,6743,0,BENIGN
611,5432,0,BENIGN
2776,7175,0,BENIGN
3999,8265,0,BENIGN
673,7103,0,BENIGN
3678,8358,0,BENIGN
31,3031,0,ANOMALY
1401,2249,0,BENIGN
4072,7808,0,BENIGN
617,4556,0,BENIGN
4635,9519,0,BENIGN
2787,9988,1,BENIGN
871,6299,0,BENIGN
4197,4094,0,BENIGN
3605,3977,0,BENIGN
1413,1962,0,BENIGN
2740,6725,0,ANOMALY
941,6489,0,BENIGN
341,2268,0,BENIGN
2909,6279,0,BENIGN
4134,1372,0,BENIGN
660,5380,0,BENIGN
2034,8617,0,BENIGN
1561,7279,0,BENIGN
3458,1095,0,BENIGN
1657,5369,0,BENIGN
2976,4941,0,BENIGN
1050,8021,0,BENIGN
454,4944,0,BENIGN
1705,6868,0,ANOMALY
2785,6396,0,ANOMALY
819,9041,0,BENIGN
4869,1131,0,BENIGN
13,8290,0,BENIGN
3980,7516,0,BENIGN
921,6906,0,BENIGN
4921,1807,0,BENIGN
2419,1050,0,BENIGN
1315,6277,0,BENIGN
3678,1055,0,BENIGN
2018,4664,0,ANOMALY
1229,1743,0,BENIGN
4793,7030,0,BENIGN
2435,9131,0,BENIGN
2869,1079,0,ANOMALY
2516,3966,0,BENIGN
1439,4728,0,BENIGN
4165,5536,0,BENIGN
3544,1125,0,BENIGN
3176,6813,1,BENIGN
1782,9410,1,BENIGN
2264,1947,0,BENIGN
1970,1594,0,BENIGN
212,6030,0,BENIGN
508,1140,0,BENIGN
332,4055,0,BENIGN
551,5205,0,ANOMALY
942,6171,0,BENIGN
728,8782,0,ANOMALY
4976,3660,0,BENIGN
2863,7856,0,BENIGN
3244,7089,0,BENIGN
649,6318,0,BENIGN
2738,3552,0,BENIGN
2748,4611,0,BENIGN
1010,9062,0,BENIGN
1551,2040,0,BENIGN
804,9506,0,BENIGN
4081,8603,0,BENIGN
4310,5172,0,BENIGN
4265,3946,0,BENIGN
3402,4236,0,BENIGN
4242,4680,0,BENIGN
4612,5807,0,BENIGN
3162,2537,0,BENIGN
4549,4872,0,BENIGN
4156,2867,0,BENIGN
528,2161,0,BENIGN
3299,4920,0,BENIGN
1024,6693,0,BENIGN
3735,4882,0,BENIGN
433,8738,0,BENIGN
1177,9456,0,BENIGN
401,7331,0,BENIGN
2105,6182,0,BENIGN
3051,2526,0,BENIGN
2234,9131,0,BENIGN
2446,5394,0,BENIGN
4701,2158,0,BENIGN
2836,5367,0,BENIGN
2514,5630,0,BENIGN
1774,4513,1,BENIGN
1097,2144,0,BENIGN
929,1068,0,BENIGN
1952,4717,0,BENIGN
1974,5723,0,BENIGN
1555,5213,0,BENIGN
2779,7413,0,BENIGN
4422,4466,0,BENIGN
995,4026,0,BENIGN
613,7998,0,BENIGN
2594,3747,0,BENIGN
596,8271,0,BENIGN
842,7171,0,BENIGN
4440,4855,0,BENIGN
859,9753,0,BENIGN
445,3203,0,BENIGN
1789,4419,0,BENIGN
4318,2144,0,BENIGN
3455,3699,0,BENIGN
3953,1560,0,BENIGN
4688,2187,0,BENIGN
1031,4133,0,BENIGN
1296,4411,0,BENIGN
2064,2689,0,BENIGN
1448,5407,0,BENIGN
2046,3423,0,ANOMALY
4620,2369,0,BENIGN
2851,7007,0,BENIGN
3825,7728,0,BENIGN
2069,9772,0,BENIGN
3762,1976,0,BENIGN
2276,5272,0,BENIGN
1809,7497,0,BENIGN
1312,1118,0,BENIGN
4056,2542,0,BENIGN
2452,5862,0,BENIGN
1090,4043,0,BENIGN
1673,1972,0,BENIGN
3676,1915,0,BENIGN
4533,7621,0,BENIGN
4925,1586,0,BENIGN
4355,9542,0,BENIGN
2004,6625,0,BENIGN
4199,8354,0,BENIGN
4865,5591,0,BENIGN
1125,3562,0,BENIGN
1222,7839,0,BENIGN
2861,9464,1,BENIGN
2274,3927,0,BENIGN
2991,7195,0,BENIGN
2511,7276,0,BENIGN
237,5290,0,BENIGN
1145,6882,1,BENIGN
3254,7446,0,BENIGN
3783,6167,0,ANOMALY
767,2522,0,BENIGN
2682,1561,0,BENIGN
2666,4540,0,BENIGN
1760,2479,0,ANOMALY
3492,7677,0,BENIGN
2816,2205,0,BENIGN
3514,7660,0,BENIGN
496,9848,0,BENIGN
3181,1589,0,BENIGN
3931,5326,0,BENIGN
2073,5904,0,BENIGN
338,7421,0,BENIGN
3950,4759,0,BENIGN
3109,9939,0,BENIGN
1818,9655,0,BENIGN
137,9945,0,BENIGN
2556,6936,0,BENIGN
4416,9774,1,BENIGN
916,3205,0,BENIGN
3539,5114,0,BENIGN
2101,5027,0,BENIGN
2908,5816,0,BENIGN
2915,8188,0,BENIGN
1983,3808,0,BENIGN
3871,4603,0,BENIGN
4529,4913,0,BENIGN
3568,2419,0,BENIGN
999,3167,0,BENIGN
2148,3144,0,ANOMALY
4695,3167,0,ANOMALY
396,6891,0,BENIGN
3599,7536,0,BENIGN
4511,2166,0,BENIGN
939,4575,0,BENIGN
1637,3841,0,BENIGN
2725,2870,0,BENIGN
2511,3886,0,BENIGN
4637,1159,1,BENIGN
1650,8243,0,BENIGN
3691,4763,0,BENIGN
3436,2055,0,BENIGN
3202,1333,0,BENIGN
4180,4596,0,BENIGN
4367,8607,0,BENIGN
2292,2362,0,BENIGN
4484,1925,0,BENIGN
214,6519,0,BENIGN
3238,3443,0,BENIGN
3863,4980,0,ANOMALY
59,8260,0,BENIGN
2931,2419,0,BENIGN
4939,1059,0,BENIGN
2972,3524,0,BENIGN
1528,4797,0,BENIGN
123,2578,0,BENIGN
3720,8201,0,BENIGN
1437,1707,0,BENIGN
1163,9165,0,BENIGN
3301,6277,0,BENIGN
3346,2780,0,BENIGN
2487,3413,0,BENIGN
562,8750,0,BENIGN
3982,3161,0,BENIGN
1738,9800,0,ANOMALY
905,1308,1,BENIGN
3555,6439,0,BENIGN
4491,5307,0,BENIGN
1727,3364,0,BENIGN
2924,1184,0,BENIGN
3532,6324,0,BENIGN
3907,6483,0,BENIGN
935,1245,0,BENIGN
75,9430,0,BENIGN
295,9183,0,BENIGN
21,6924,1,ANOMALY
3243,1519,0,BENIGN
1039,4907,0,BENIGN
4656,1276,0,BENIGN
1110,6101,0,BENIGN
3772,9797,0,BENIGN
372,5573,0,BENIGN
4914,5603,0,ANOMALY
1175,5053,0,BENIGN
1165,7812,0,BENIGN
1093,7073,0,BENIGN
1284,1141,1,BENIGN
2012,2717,0,BENIGN
846,8313,0,BENIGN
1992,6714,0,BENIGN
521,1399,0,ANOMALY
4467,5763,0,BENIGN
4197,7255,0,BENIGN
4757,1238,0,BENIGN
243,4215,0,BENIGN
2801,8541,0,BENIGN
4608,4647,0,BENIGN
2897,6408,0,BENIGN
2603,7340,0,BENIGN
2274,3429,0,BENIGN
1542,4652,0,BENIGN
2766,7307,0,BENIGN
2115,6140,0,BENIGN
4492,3878,0,BENIGN
4708,2535,0,BENIGN
3084,9727,0,ANOMALY
1858,7254,1,BENIGN
770,1948,0,BENIGN
1423,4941,0,BENIGN
407,7603,0,BENIGN
2973,9625,0,BENIGN
1873,2403,0,BENIGN
2695,8819,0,BENIGN
2270,4511,0,BENIGN
4750,3935,0,ANOMALY
1182,5878,0,BENIGN
1440,8506,0,ANOMALY
3054,8591,0,BENIGN
3334,6060,0,BENIGN
2898,4333,0,BENIGN
2904,2602,0,BENIGN
229,9420,0,BENIGN
3960,3196,0,BENIGN
1894,1110,0,BENIGN
1314,7023,0,BENIGN
1071,5159,0,BENIGN
975,4867,0,BENIGN
1739,8641,0,BENIGN
3286,6004,0,BENIGN
758,9204,0,BENIGN
3096,8077,0,BENIGN
321,4261,0,ANOMALY
2322,1662,0,BENIGN
556,9885,0,BENIGN
4940,4390,1,BENIGN
1387,4018,0,BENIGN
4764,2902,0,BENIGN
3048,5171,0,BENIGN
2428,1328,0,BENIGN
2005,7295,0,BENIGN
1931,4846,1,BENIGN
4842,1224,0,BENIGN
4771,3520,0,BENIGN
2164,9064,0,BENIGN
3868,4714,0,BENIGN
2427,3407,0,BENIGN
3794,7683,0,BENIGN
2514,1810,0,BENIGN
3804,7752,0,BENIGN
2328,4117,0,BENIGN
618,5773,0,BENIGN
2166,4290,0,BENIGN
3309,3251,0,BENIGN
993,5661,0,BENIGN
1378,5606,0,BENIGN
4382,7421,0,BENIGN
3175,4052,0,BENIGN
4783,9207,0,BENIGN
1306,5451,0,BENIGN
4834,5925,0,BENIGN
3079,3646,0,BENIGN
2687,3906,0,BENIGN
2984,2746,0,BENIGN
2524,5309,0,BENIGN
3583,1448,0,BENIGN
1486,4012,1,BENIGN
2101,2568,0,BENIGN
4582,4491,0,BENIGN
3716,8310,0,BENIGN
2002,7883,0,BENIGN
1388,6984,0,BENIGN
3184,8088,0,BENIGN
1031,5768,0,BENIGN
1766,2064,0,BENIGN
4764,4821,0,BENIGN
1221,9759,0,BENIGN
4931,2436,0,BENIGN
4972,7097,0,BENIGN
3807,3483,0,BENIGN
2415,8719,0,BENIGN
4346,5800,0,BENIGN
1619,7382,0,ANOMALY
1264,5829,0,BENIGN
872,7153,0,BENIGN
835,3794,0,ANOMALY
2823,8612,0,BENIGN
919,2097,0,BENIGN
1725,2638,0,ANOMALY
2414,9455,0,ANOMALY
1314,1160,0,BENIGN
4499,6906,0,BENIGN
2106,9502,0,BENIGN
2569,9418,0,BENIGN
1139,9464,0,BENIGN
210,8081,0,BENIGN
1065,5412,0,BENIGN
4912,4157,0,BENIGN
2221,3338,0,BENIGN
234,6588,0,BENIGN
793,2601,0,BENIGN
3111,6888,0,BENIGN
2167,4718,0,BENIGN
335,6546,0,BENIGN
1360,2925,0,BENIGN
1215,9758,1,ANOMALY
4420,3915,0,ANOMALY
284,7898,1,BENIGN
213,9443,0,BENIGN
1659,6652,0,BENIGN
4079,4501,0,BENIGN
4848,8274,0,BENIGN
1418,2602,0,ANOMALY
2387,8359,0,BENIGN
1795,1513,1,BENIGN
105,9633,0,BENIGN
4866,9192,0,BENIGN
3894,7501,0,BENIGN
3846,1902,0,BENIGN
3691,6719,0,ANOMALY
3293,9148,0,BENIGN
379,3321,0,BENIGN
3294,1855,0,BENIGN
3330,2017,0,BENIGN
4809,6279,0,BENIGN
3439,8712,0,BENIGN
225,5680,1,BENIGN
738,8072,0,BENIGN
236,7624,0,BENIGN
4279,1195,0,BENIGN
712,5694,0,BENIGN
1889,5651,0,BENIGN
4719,7991,0,BENIGN
1260,3697,0,BENIGN
749,2057,0,BENIGN
3987,6207,0,BENIGN
3552,3792,0,BENIGN
510,1420,0,BENIGN
1824,3814,0,BENIGN
4881,3840,0,BENIGN
2942,2031,0,BENIGN
4233,8639,0,BENIGN
2135,2491,0,BENIGN
1778,5975,0,BENIGN
1223,5947,1,BENIGN
3668,1509,0,BENIGN
1778,2859,0,BENIGN
1305,6061,0,BENIGN
4860,2858,0,BENIGN
702,6607,0,BENIGN
2990,3065,0,BENIGN
152,3966,0,BENIGN
1326,7773,0,BENIGN
1302,8892,0,BENIGN
3723,5442,0,BENIGN
1712,4204,0,BENIGN
807,1575,0,BENIGN
4331,1198,0,ANOMALY
2723,8423,1,ANOMALY
4657,2365,0,BENIGN
1326,8834,0,BENIGN
4134,2998,1,ANOMALY
1160,6350,0,BENIGN
2870,7444,0,BENIGN
4517,2016,0,BENIGN
1243,4618,0,BENIGN
348,1025,0,BENIGN
1832,4724,0,ANOMALY
1570,4458,0,BENIGN
3936,7593,0,ANOMALY
1919,9662,0,BENIGN
3233,8280,0,BENIGN
3759,9069,0,BENIGN
2356,5746,0,BENIGN
1398,8589,0,BENIGN
2781,7978,0,BENIGN
1825,4041,0,BENIGN
2492,8765,0,ANOMALY
4061,6404,0,BENIGN
405,1571,0,BENIGN
1722,9796,0,BENIGN
2826,5980,1,BENIGN
3846,9573,0,BENIGN
4211,2236,1,BENIGN
3193,3380,0,BENIGN
65,8177,0,BENIGN
1300,2517,0,BENIGN
4921,2533,0,BENIGN
1416,6887,0,BENIGN
3594,8859,0,BENIGN
969,4489,0,BENIGN
369,5642,0,ANOMALY
233,3150,0,BENIGN
2243,6319,0,BENIGN
3084,4766,0,BENIGN
921,5960,1,BENIGN
689,7061,0,BENIGN
4273,6857,0,BENIGN
1470,5487,0,BENIGN
4726,8750,0,BENIGN
4260,2077,0,BENIGN
3623,2300,0,BENIGN
2101,7649,0,BENIGN
2266,8181,0,BENIGN
3790,9138,0,BENIGN
824,3529,0,BENIGN
3432,4260,0,BENIGN
4152,1363,0,BENIGN
4214,1845,0,BENIGN
798,4032,0,BENIGN
780,2327,0,BENIGN
2851,9583,0,BENIGN
2893,4255,0,BENIGN
1894,6136,0,BENIGN
3307,8108,0,ANOMALY
2903,4237,0,BENIGN
4804,6668,0,BENIGN
3719,7312,0,BENIGN
22,9956,0,BENIGN
1501,6465,0,BENIGN
843,1498,0,BENIGN
1761,7062,0,ANOMALY
3642,3944,0,BENIGN
192,8952,0,BENIGN
396,6856,0,BENIGN
4663,8838,0,BENIGN
4327,7077,0,BENIGN
874,1135,0,BENIGN
2622,5033,0,ANOMALY
4336,7700,0,BENIGN
90,5113,0,BENIGN
2280,7546,0,BENIGN
457,9396,0,BENIGN
2281,5594,0,BENIGN
4450,1561,0,BENIGN
1005,6400,0,BENIGN
4535,8333,0,BENIGN
345,4314,1,BENIGN
2712,4960,0,BENIGN
4753,3211,0,BENIGN
2463,3371,0,BENIGN
1117,7974,1,BENIGN
626,3681,0,BENIGN
4380,3806,0,BENIGN
1980,3255,0,BENIGN
3995,7382,0,BENIGN
1679,5899,0,BENIGN
223,4159,0,ANOMALY
744,6656,0,BENIGN
463,2452,0,BENIGN
1569,3322,0,BENIGN
3348,8097,0,BENIGN
1737,2768,0,BENIGN
4040,7096,0,BENIGN
3952,6185,0,BENIGN
665,2169,0,BENIGN
1357,5710,0,BENIGN
1015,7590,0,BENIGN
2133,1386,0,BENIGN
2669,3430,0,BENIGN
1055,2405,0,BENIGN
1765,1123,0,BENIGN
4459,4997,0,BENIGN
2870,6909,0,BENIGN
1413,4896,0,BENIGN
668,9066,0,BENIGN
3371,1727,0,BENIGN
1395,8039,0,ANOMALY
99,8715,0,BENIGN
4071,4670,0,BENIGN
422,2141,0,BENIGN
3651,5031,0,BENIGN
4158,9550,0,ANOMALY
1133,4742,0,BENIGN
1703,3844,0,BENIGN
3621,3211,0,BENIGN
3191,1972,0,BENIGN
598,1360,0,BENIGN
392,3632,1,BENIGN
1076,4190,0,BENIGN
2651,5948,0,BENIGN
2385,2624,0,BENIGN
810,2756,0,ANOMALY
3310,8818,0,BENIGN
3739,6119,0,BENIGN
1160,7026,0,BENIGN
1532,9432,0,BENIGN
4977,7975,0,BENIGN
2683,1975,0,BENIGN
254,5318,0,BENIGN
3549,6923,0,ANOMALY
3186,3313,0,BENIGN
1232,1787,1,BENIGN
2424,3428,0,BENIGN
3576,9747,0,BENIGN
4262,7664,0,BENIGN
1574,8483,0,BENIGN
2909,2363,0,BENIGN
4713,4959,0,BENIGN
1626,9781,0,BENIGN
3999,2749,0,BENIGN
3884,7671,0,BENIGN
3516,1540,0,BENIGN
3404,8634,0,BENIGN
4599,9482,0,BENIGN
4681,4935,0,BENIGN
1959,4958,0,BENIGN
4010,4859,0,BENIGN
2736,9050,0,BENIGN
4492,6331,0,BENIGN
3175,9199,1,BENIGN
402,2657,0,BENIGN
975,7185,0,BENIGN
224,5428,0,BENIGN
4614,8237,1,BENIGN
236,2039,0,BENIGN
3499,3116,0,ANOMALY
4212,9876,0,BENIGN
3235,5018,1,BENIGN
226,8546,1,BENIGN
2278,2824,0,BENIGN
4278,4534,0,BENIGN
1342,7670,0,BENIGN
4037,9254,0,BENIGN
210,9452,0,BENIGN
3728,4571,0,BENIGN
3929,4192,0,BENIGN
4990,5953,0,BENIGN
2804,5275,0,BENIGN
1110,1354,0,BENIGN
2027,6029,0,BENIGN
394,3774,0,BENIGN
844,1588,0,BENIGN
1525,1604,0,BENIGN
604,9365,0,BENIGN
582,1353,0,BENIGN
1940,6434,0,ANOMALY
133,1433,0,BENIGN
2839,9450,0,BENIGN
3386,1867,0,BENIGN
3771,9787,0,ANOMALY
2269,6764,0,BENIGN
976,1393,0,BENIGN
1814,4754,1,BENIGN
3264,5370,0,BENIGN
1544,5521,0,BENIGN
2836,8699,0,BENIGN
2739,5578,0,BENIGN
1358,9405,0,BENIGN
4135,3126,0,BENIGN
1317,9330,0,BENIGN
162,5193,0,BENIGN
1910,4960,0,ANOMALY
1128,1663,0,BENIGN
3871,3832,0,BENIGN
1659,5574,0,BENIGN
3126,7371,0,BENIGN
1964,8624,0,ANOMALY
2290,7292,0,BENIGN
967,6177,0,ANOMALY
890,9353,0,BENIGN
3062,8006,0,BENIGN
3630,4178,0,ANOMALY
3190,6546,0,BENIGN
2749,5490,0,BENIGN
1667,5896,0,BENIGN
3067,1185,0,BENIGN
1442,5653,0,BENIGN
1068,2980,0,BENIGN
4224,5541,0,BENIGN
2924,8808,0,BENIGN
4254,1829,0,BENIGN
3857,4519,0,BENIGN
827,9008,0,BENIGN
4608,6909,0,BENIGN
3986,2225,1,BENIGN
2093,6774,0,BENIGN
3180,3844,0,BENIGN
4539,8347,0,BENIGN
3902,3733,0,BENIGN
2363,5420,0,BENIGN
2225,4996,0,BENIGN
1727,2688,0,BENIGN
2007,3447,0,BENIGN
267,1867,0,BENIGN
838,7952,0,BENIGN
4585,7084,0,BENIGN
4798,9431,0,BENIGN
687,6305,0,BENIGN
3362,9239,0,BENIGN
357,5049,0,BENIGN
3816,4457,0,BENIGN
872,4228,0,ANOMALY
1974,2248,0,BENIGN
4648,2167,0,BENIGN
1811,4490,0,BENIGN
4419,2897,0,BENIGN
2642,3179,0,BENIGN
2229,6955,0,ANOMALY
3392,3720,0,BENIGN
4179,2943,0,BENIGN
2351,6912,0,BENIGN
4358,8686,0,BENIGN
4880,4696,0,BENIGN
2740,3825,0,BENIGN
2731,9414,0,BENIGN
1319,2746,1,BENIGN
1536,1529,0,BENIGN
4785,7384,0,BENIGN
2444,9325,0,BENIGN
1773,5486,0,BENIGN
3210,1101,0,BENIGN
4935,4723,0,BENIGN
878,3728,0,ANOMALY
2871,3545,1,BENIGN
3201,3558,0,BENIGN
4145,7846,0,BENIGN
3748,1948,0,BENIGN
2837,5936,0,BENIGN
293,3053,0,ANOMALY
1652,1193,0,BENIGN
4632,9933,0,BENIGN
4407,8304,0,BENIGN
537,3959,0,BENIGN
2687,9174,0,BENIGN
234,3923,0,BENIGN
2653,4239,0,BENIGN
2375,4865,0,BENIGN
2273,9229,0,BENIGN
967,5566,1,BENIGN
890,7595,0,ANOMALY
3864,6609,0,BENIGN
3401,4213,0,BENIGN
35,6108,0,BENIGN
4543,2783,0,BENIGN
3524,9294,0,ANOMALY
1764,6830,0,BENIGN
3292,6831,0,BENIGN
2489,1041,0,BENIGN
2701,7209,0,BENIGN
1559,2061,0,BENIGN
4691,4689,0,BENIGN
2277,8595,0,ANOMALY
4007,7807,0,BENIGN
4440,4997,0,BENIGN
1104,1325,0,BENIGN
1420,8205,0,BENIGN
1479,2120,0,BENIGN
3915,1107,0,BENIGN
3743,7294,0,BENIGN
2957,6193,0,BENIGN
1383,8224,0,BENIGN
2575,9526,0,BENIGN
3385,3039,0,BENIGN
1570,1803,0,BENIGN
1895,1766,0,BENIGN
2244,4527,0,BENIGN
1867,3306,0,BENIGN
29,2488,0,BENIGN
706,5129,0,BENIGN
1021,3373,0,BENIGN
2064,4309,0,BENIGN
1447,7834,0,BENIGN
3665,6735,1,BENIGN
2988,5834,0,BENIGN
3603,7990,0,BENIGN
3686,4983,0,ANOMALY
3369,4768,0,BENIGN
3582,2504,0,ANOMALY
2763,7793,0,BENIGN
4038,3450,0,BENIGN
573,3033,0,BENIGN
4089,9002,0,BENIGN
615,7019,0,BENIGN
4051,2307,0,BENIGN
326,1975,0,BENIGN
3741,5939,0,BENIGN
359,4733,0,BENIGN
3778,9551,0,BENIGN
2372,3223,1,BENIGN
1722,1484,0,BENIGN
1350,2428,0,BENIGN
3697,3080,0,BENIGN
3897,1695,0,BENIGN
4261,7300,0,BENIGN
1597,5660,0,BENIGN
1628,1201,0,BENIGN
2503,9265,0,BENIGN
3809,9287,0,BENIGN
193,4477,1,BENIGN
2675,3202,0,BENIGN
3846,8490,0,BENIGN
2578,9449,0,BENIGN
92,7317,0,BENIGN
4235,5425,0,BENIGN
481,6350,0,BENIGN
2917,3806,0,BENIGN
4436,8163,0,BENIGN
1076,1185,0,BENIGN
2514,9070,0,BENIGN
799,9334,0,BENIGN
4571,8050,0,ANOMALY
3950,9831,0,BENIGN
605,3074,0,BENIGN
2980,8654,0,BENIGN
4917,1201,0,BENIGN
598,6710,0,BENIGN
1533,4165,0,BENIGN
514,3102,0,BENIGN
1878,2571,0,BENIGN
3973,6125,0,BENIGN
3844,7697,0,BENIGN
1700,6169,0,BENIGN
1030,3159,1,BENIGN
4596,2329,0,ANOMALY
717,4613,0,BENIGN
4087,9652,0,BENIGN
666,9998,0,BENIGN
2209,4699,0,BENIGN
1080,7027,0,BENIGN
228,3273,0,ANOMALY
149,9250,0,ANOMALY
1070,5823,0,BENIGN
4728,8075,0,BENIGN
1364,1497,0,BENIGN
4509,7959,0,BENIGN
1756,7210,0,BENIGN
520,8126,0,BENIGN
3545,4976,0,ANOMALY
2323,7420,0,BENIGN
1103,2607,0,BENIGN
598,9912,0,ANOMALY
3274,2274,0,BENIGN
4050,1690,0,BENIGN
2606,5023,0,BENIGN
2189,8247,0,BENIGN
4826,4437,0,BENIGN
589,3355,0,BENIGN
4473,6581,0,BENIGN
1408,1749,0,BENIGN
4847,4051,0,ANOMALY
4723,8763,0,BENIGN
3391,4564,0,BENIGN
3441,6758,0,BENIGN
1630,2704,0,BENIGN
995,7074,0,ANOMALY
4799,3377,0,BENIGN
2060,9019,0,BENIGN
4573,6274,0,BENIGN
2987,4231,0,BENIGN
401,7409,0,BENIGN
2856,3215,0,BENIGN
2225,7288,0,BENIGN
3413,7329,0,BENIGN
57,1885,0,BENIGN
1876,1864,0,ANOMALY
4544,7917,0,BENIGN
4299,4054,0,BENIGN
3769,9977,0,BENIGN
4834,9648,0,BENIGN
4298,9536,0,BENIGN
1354,1553,0,BENIGN
2411,6116,0,BENIGN
4988,8683,0,BENIGN
4312,1787,0,BENIGN
2603,9896,0,BENIGN
2935,5907,0,BENIGN
23,8190,0,BENIGN
2203,1814,0,BENIGN
1210,9335,0,BENIGN
2297,3777,0,BENIGN
749,4766,0,BENIGN
805,5958,0,BENIGN
134,4825,0,BENIGN
4417,2216,0,BENIGN
2438,5470,0,BENIGN
434,7772,0,ANOMALY
4969,8717,0,BENIGN
3672,9747,0,BENIGN
3737,1862,0,BENIGN
4040,7217,0,BENIGN
2099,6938,0,BENIGN
2918,3355,0,BENIGN
253,3395,0,BENIGN
4835,9667,0,BENIGN
1130,1524,0,BENIGN
3265,1561,0,BENIGN
302,9167,0,BENIGN
1978,9113,0,BENIGN
2764,8416,0,BENIGN
4006,5664,0,BENIGN
3242,2205,0,BENIGN
3058,3238,0,BENIGN
551,2160,0,BENIGN
1588,6239,0,BENIGN
1823,7974,0,BENIGN
3218,1071,0,ANOMALY
3497,1754,0,BENIGN
4410,8298,0,BENIGN
4280,7600,0,BENIGN
713,9152,0,BENIGN
2176,9243,0,BENIGN
4073,3621,0,BENIGN
3850,4190,0,BENIGN
2434,4948,1,BENIGN
3302,2287,0,BENIGN
271,6358,0,BENIGN
1795,8518,0,BENIGN
4907,8036,0,BENIGN
2463,5780,0,ANOMALY
4294,2772,0,BENIGN
3395,4902,0,BENIGN
1080,6726,0,BENIGN
2879,7200,1,BENIGN
4724,4138,0,ANOMALY
604,8213,0,BENIGN
1586,3416,0,BENIGN
3058,8051,0,BENIGN
3986,2584,0,BENIGN
4690,2046,0,BENIGN
1396,7984,0,BENIGN
3689,3165,0,BENIGN
600,6719,0,BENIGN
514,8222,0,BENIGN
1067,2176,0,BENIGN
2887,7411,0,ANOMALY
2654,9074,0,BENIGN
4906,4288,0,BENIGN
1089,2315,0,BENIGN
4386,1892,0,BENIGN
4865,6169,0,BENIGN
2515,9298,1,BENIGN
3970,4080,0,ANOMALY
3285,9936,0,BENIGN
4567,7466,0,ANOMALY
2197,9813,0,BENIGN
4184,6090,1,BENIGN
790,5240,0,BENIGN
3476,1411,0,BENIGN
3154,9305,0,BENIGN
1665,3446,0,BENIGN
1310,4346,0,ANOMALY
865,1085,0,BENIGN
3864,8749,0,BENIGN
3364,5142,0,BENIGN
3525,8087,0,BENIGN
3787,8368,0,BENIGN
24,6834,0,BENIGN
3004,1803,0,BENIGN
311,7719,0,BENIGN
1232,7085,0,BENIGN
3789,5182,0,BENIGN
2712,1264,0,BENIGN
4802,4093,0,BENIGN
422,5798,0,BENIGN
1774,9143,0,BENIGN
3569,1325,0,BENIGN
947,2206,0,BENIGN
1187,2440,0,BENIGN
1835,6184,0,ANOMALY
1565,9746,0,BENIGN
4945,6136,0,ANOMALY
1948,9140,0,BENIGN
1309,6819,0,BENIGN
2987,9069,0,BENIGN
387,3036,0,BENIGN
1162,6560,0,BENIGN
3259,4629,0,BENIGN
4812,9963,0,BENIGN
3934,6314,0,BENIGN
2848,3456,0,BENIGN
4522,9662,0,BENIGN
1440,2370,0,BENIGN
3443,8629,0,BENIGN
4481,9863,0,BENIGN
56,2174,0,BENIGN
3325,1110,0,BENIGN
106,4559,0,BENIGN
3202,7692,0,BENIGN
670,4233,0,BENIGN
4472,2472,0,BENIGN
743,5872,0,BENIGN
967,5753,1,BENIGN
308,2833,0,BENIGN
2139,6928,0,BENIGN
3465,9645,0,BENIGN
4898,7816,0,BENIGN
110,1740,1,BENIGN
3633,8256,0,BENIGN
4436,3380,0,BENIGN
1916,4680,0,BENIGN
4264,3401,0,BENIGN
557,8177,0,BENIGN
105,3006,0,BENIGN
2048,2409,0,BENIGN
146,2762,0,BENIGN
2764,1909,0,ANOMALY
874,1760,0,BENIGN
299,7638,0,BENIGN
3239,6612,0,ANOMALY
646,4240,0,BENIGN
4734,1530,0,BENIGN
3079,3560,0,BENIGN
2512,3177,0,ANOMALY
784,6103,0,ANOMALY
4993,8706,0,BENIGN
371,2537,0,BENIGN
487,3781,0,BENIGN
2038,1946,0,ANOMALY
3197,6257,0,BENIGN
1361,6097,0,ANOMALY
4288,3511,0,BENIGN
4826,3188,0,BENIGN
2262,7063,0,BENIGN
2622,1881,0,BENIGN
957,2847,0,BENIGN
381,7599,0,BENIGN
3650,2975,0,BENIGN
4894,7577,0,BENIGN
239,6726,0,BENIGN
1106,5568,0,BENIGN
1387,8163,0,BENIGN
2553,7582,0,ANOMALY
2250,9689,0,BENIGN
1528,3216,0,BENIGN
1668,6701,0,BENIGN
4133,9017,0,BENIGN
2692,3608,0,BENIGN
3673,5809,0,BENIGN
1997,7345,0,BENIGN
1426,1178,0,BENIGN
2813,8771,0,ANOMALY
3248,8971,0,BENIGN
2593,2929,0,BENIGN
1491,3548,0,BENIGN
1225,5834,0,BENIGN
2588,1111,0,BENIGN
3065,8948,0,ANOMALY
833,1714,0,BENIGN
4693,7034,0,BENIGN
2441,2381,1,ANOMALY
4796,4127,0,BENIGN
1647,8483,0,BENIGN
441,2208,0,BENIGN
1530,1036,0,BENIGN
2966,2828,0,BENIGN
2368,4341,0,BENIGN
3287,8006,0,BENIGN
4664,8675,0,BENIGN
4332,6347,0,BENIGN
1305,8890,0,BENIGN
3035,1809,0,BENIGN
3689,5118,0,BENIGN
3974,2526,0,ANOMALY
1186,1495,1,ANOMALY
3263,1424,0,BENIGN
2108,3747,0,BENIGN
1841,2982,0,BENIGN
4321,2468,0,BENIGN
2748,8728,0,BENIGN
4678,7770,0,BENIGN
4265,2233,0,BENIGN
3134,9756,0,BENIGN
3421,4019,0,BENIGN
1466,2304,0,BENIGN
4110,9034,0,BENIGN
2212,1132,0,BENIGN
2805,1448,0,BENIGN
1544,7407,0,BENIGN
1690,1849,0,BENIGN
1572,6357,0,BENIGN
4542,4962,0,BENIGN
3280,5854,0,BENIGN
3542,2539,0,BENIGN
4812,2899,0,BENIGN
3024,3944,0,BENIGN
819,5957,0,BENIGN
4522,6943,0,ANOMALY
1125,4244,0,BENIGN
4946,7336,0,BENIGN
1130,9706,0,BENIGN
1703,2591,0,BENIGN
2002,8953,0,BENIGN
3879,8855,0,BENIGN
4373,8795,0,BENIGN
1807,9275,0,BENIGN
2948,4742,0,BENIGN
3210,3127,0,BENIGN
2153,2601,0,BENIGN
4642,2222,0,ANOMALY
4206,6690,0,BENIGN
545,2842,0,BENIGN
2402,9058,0,BENIGN
4839,6565,0,BENIGN
2365,5488,0,BENIGN
1290,9200,0,BENIGN
3766,7950,0,ANOMALY
1876,9906,0,BENIGN
4429,2927,0,BENIGN
4688,9301,0,BENIGN
783,5929,0,BENIGN
540,9457,0,ANOMALY
2783,6492,0,BENIGN
2669,4223,0,BENIGN
4715,7127,0,BENIGN
3938,6071,0,BENIGN
2957,1954,0,BENIGN
3723,8050,0,BENIGN
3868,2574,0,BENIGN
1834,7668,0,BENIGN
2147,8095,0,BENIGN
2171,8720,0,BENIGN
3392,4255,0,BENIGN
1617,2058,0,BENIGN
4618,2957,0,BENIGN
917,7648,0,BENIGN
4813,5944,0,ANOMALY
2757,6058,1,BENIGN
1937,3519,0,BENIGN
4043,8913,0,BENIGN
3092,3570,0,BENIGN
4656,8450,0,ANOMALY
969,4887,0,ANOMALY
3365,8703,0,BENIGN
3204,7417,0,BENIGN
890,1744,0,BENIGN
793,7420,0,BENIGN
3459,4514,0,BENIGN
982,3930,0,BENIGN
3532,6537,0,BENIGN
3530,7713,0,BENIGN
802,1175,0,BENIGN
43,1565,0,BENIGN
3350,4217,0,BENIGN
1778,5357,0,BENIGN
3202,6973,0,BENIGN
350,6802,0,BENIGN
1568,8034,0,BENIGN
1130,1947,0,BENIGN
2960,9776,0,BENIGN
3788,4355,0,BENIGN
1781,6251,0,BENIGN
584,4191,0,BENIGN
4528,6847,0,BENIGN
3378,7716,0,BENIGN
3402,1531,0,BENIGN
3186,2231,0,BENIGN
2195,2697,0,BENIGN
1163,4370,0,BENIGN
299,2545,0,BENIGN
3348,2437,0,BENIGN
1940,9562,0,BENIGN
789,5504,0,BENIGN
4946,6502,0,BENIGN
2890,8608,0,BENIGN
1378,6997,0,ANOMALY
1950,6566,0,BENIGN
3273,8786,0,BENIGN
878,9808,0,BENIGN
3743,5166,0,BENIGN
1578,5014,0,BENIGN
3140,3256,0,ANOMALY
2493,5354,0,ANOMALY
2756,4310,0,ANOMALY
1904,8399,0,BENIGN
1383,1931,0,BENIGN
4241,3329,0,BENIGN
2323,1393,0,ANOMALY
2557,3465,0,BENIGN
1862,4277,0,BENIGN
1867,6430,0,BENIGN
4048,8002,0,BENIGN
3176,9817,0,BENIGN
1099,6988,1,ANOMALY
1735,8509,0,BENIGN
4664,6932,0,BENIGN
3417,3781,0,BENIGN
4627,2639,0,BENIGN
681,9973,0,BENIGN
2071,3274,0,BENIGN
4825,3480,0,BENIGN
1730,7799,0,BENIGN
2192,9547,0,BENIGN
668,5674,0,BENIGN
1613,4522,0,BENIGN
681,7104,0,BENIGN
973,6819,0,BENIGN
2847,1163,0,BENIGN
2133,7922,0,BENIGN
2464,4381,0,BENIGN
2530,3064,0,BENIGN
2504,7589,0,BENIGN
4923,8447,0,BENIGN
4393,4984,0,BENIGN
3184,4887,1,ANOMALY
4034,1339,0,BENIGN
3168,5821,0,BENIGN
2998,4781,0,BENIGN
3228,4590,0,ANOMALY
2153,6130,0,BENIGN
1729,8691,0,BENIGN
2025,8315,0,BENIGN
330,8733,1,BENIGN
2487,6049,0,BENIGN
1156,5704,0,BENIGN
1891,1638,0,BENIGN
4478,8709,0,BENIGN
2186,6143,0,BENIGN
4939,2224,0,BENIGN
2318,5245,0,BENIGN
3622,6423,0,BENIGN
4492,7607,0,BENIGN
2512,8407,0,BENIGN
450,9073,0,BENIGN
1355,9152,0,BENIGN
1294,9859,0,BENIGN
2466,6768,0,BENIGN
3103,3374,1,BENIGN
1850,5090,0,BENIGN
3176,2015,0,BENIGN
4282,1335,0,BENIGN
3200,1080,0,BENIGN
1234,3134,0,BENIGN
1438,1257,0,BENIGN
3353,1184,0,BENIGN
4031,7841,0,ANOMALY
253,1122,0,BENIGN
19,9056,0,BENIGN
2760,8263,0,BENIGN
223,5700,0,BENIGN
3,7658,1,BENIGN
1260,4514,0,BENIGN
4950,6633,0,BENIGN
4324,7077,0,BENIGN
4595,2394,0,BENIGN
2569,3352,0,BENIGN
1886,6961,0,BENIGN
1300,4944,0,BENIGN
2339,7405,0,BENIGN
1077,1490,0,BENIGN
3759,2054,0,ANOMALY
3182,1701,0,BENIGN
4811,3934,0,ANOMALY
948,6387,0,BENIGN
3739,7037,0,BENIGN
2732,5695,0,BENIGN
4008,9271,0,BENIGN
870,9843,0,BENIGN
94,1416,0,BENIGN
2988,6566,0,BENIGN
4656,6173,0,BENIGN
1776,6999,0,BENIGN
2261,4866,0,BENIGN
436,9937,0,BENIGN
4948,3002,0,BENIGN
4301,1239,0,BENIGN
3145,2944,0,BENIGN
3588,7561,0,ANOMALY
77,6867,0,BENIGN
816,4194,0,BENIGN
768,8733,0,BENIGN
3686,7359,1,ANOMALY
106,8587,0,BENIGN
3917,5804,0,BENIGN
2874,2353,0,BENIGN
3347,3880,0,BENIGN
3149,1679,0,BENIGN
3149,9678,0,BENIGN
1466,4620,0,BENIGN
2588,5314,0,BENIGN
245,7864,0,BENIGN
2626,2484,0,ANOMALY
3850,1690,0,BENIGN
1406,9083,0,BENIGN
982,7125,0,BENIGN
3809,7668,0,BENIGN
142,3347,0,BENIGN
893,4708,0,BENIGN
2400,7376,0,BENIGN
4641,8930,0,BENIGN
2961,1637,0,BENIGN
2200,6866,0,BENIGN
1470,7793,0,BENIGN
2701,4008,0,BENIGN
3006,8216,0,ANOMALY
4859,8372,0,BENIGN
3375,6600,1,BENIGN
4720,2399,0,BENIGN
656,9003,0,BENIGN
2769,2505,0,BENIGN
43,6842,0,BENIGN
2312,9441,0,BENIGN
1661,6320,0,ANOMALY
4692,9727,0,BENIGN
2225,7443,0,BENIGN
2111,4549,0,BENIGN
958,7952,0,BENIGN
561,9649,0,BENIGN
1331,3738,0,BENIGN
1313,4369,0,BENIGN
1822,5135,0,BENIGN
3003,8983,0,BENIGN
3404,4411,0,BENIGN
4946,6635,0,BENIGN
2652,5069,0,BENIGN
1815,7251,0,BENIGN
1742,4185,0,BENIGN
4702,4238,0,BENIGN
3809,9452,0,BENIGN
2878,6737,0,BENIGN
3271,3573,0,BENIGN
4084,7853,0,BENIGN
746,1125,0,BENIGN
558,2306,0,BENIGN
3302,3101,0,BENIGN
942,1135,0,BENIGN
4024,8311,0,ANOMALY
2297,2459,0,BENIGN
940,5231,0,BENIGN
1611,8656,0,BENIGN
1726,1812,0,BENIGN
985,8900,0,ANOMALY
1588,8568,0,BENIGN
4022,1870,0,BENIGN
1337,9826,0,BENIGN
3138,1668,0,BENIGN
662,2293,0,BENIGN
33,9460,0,BENIGN
3415,9673,0,BENIGN
1157,4390,0,BENIGN
3127,9294,0,BENIGN
61,6549,0,BENIGN
3929,5887,0,BENIGN
1544,5334,0,BENIGN
272,6684,0,BENIGN
4077,7750,0,BENIGN
3389,3235,0,BENIGN
2753,5983,0,BENIGN
2710,8752,0,ANOMALY
1155,6019,0,BENIGN
4406,9041,0,BENIGN
3854,3577,0,ANOMALY
1746,1675,0,BENIGN
3433,3439,0,BENIGN
338,6587,1,BENIGN
10,6945,0,BENIGN
4145,5767,0,BENIGN
731,8004,0,BENIGN
4891,8728,0,BENIGN
1649,7609,0,BENIGN
4229,5934,0,BENIGN
3655,4648,0,BENIGN
2131,8131,0,BENIGN
4472,2312,0,BENIGN
2397,5099,0,BENIGN
4367,2654,0,BENIGN
1507,7018,0,BENIGN
2159,2285,0,BENIGN
2917,8852,0,ANOMALY
4172,9726,0,BENIGN
3230,8046,0,BENIGN
3604,6180,0,BENIGN
1667,2379,0,BENIGN
4425,1645,0,BENIGN
4137,9215,0,ANOMALY
2970,6412,0,BENIGN
2690,5652,0,BENIGN
2327,7834,0,BENIGN
2811,5451,0,BENIGN
2517,7103,0,BENIGN
3472,8084,0,BENIGN
13,5124,0,BENIGN
2971,1364,0,BENIGN
3622,3655,0,BENIGN
3684,9600,0,BENIGN
3474,8433,0,BENIGN
3123,2314,0,BENIGN
3465,6272,0,BENIGN
653,1218,0,BENIGN
621,5703,0,BENIGN
3791,6131,0,BENIGN
1646,2539,0,BENIGN
2244,4433,0,BENIGN
4513,2602,0,BENIGN
4760,3704,0,BENIGN
3492,6064,0,BENIGN
3712,4648,1,BENIGN
3689,2105,0,BENIGN
1380,6736,0,BENIGN
4244,6812,0,BENIGN
2046,3488,0,BENIGN
3049,9808,0,BENIGN
1389,3418,0,BENIGN
402,1027,0,BENIGN
2654,9207,0,BENIGN
4325,9524,0,ANOMALY
3924,8977,0,BENIGN
268,5661,0,BENIGN
4222,5549,0,BENIGN
1726,4953,0,BENIGN
1113,5261,0,BENIGN
2676,9123,0,BENIGN
4785,5973,0,BENIGN
1281,9436,0,BENIGN
1233,2356,0,BENIGN
4377,4467,0,BENIGN
4539,7964,0,BENIGN
1864,8067,1,BENIGN
4933,2745,0,BENIGN
4485,4879,0,BENIGN
617,4777,1,BENIGN
147,3115,0,BENIGN
4617,7257,0,BENIGN
4726,3267,0,BENIGN
3678,3267,0,BENIGN
289,8086,0,ANOMALY
1410,5481,0,BENIGN
14,8465,0,BENIGN
257,1929,0,BENIGN
1722,8773,0,BENIGN
1424,4324,0,BENIGN
4954,5587,0,ANOMALY
2991,1356,0,BENIGN
1196,5310,0,BENIGN
4560,5064,0,BENIGN
4366,6499,0,BENIGN
1245,4841,0,BENIGN
3224,6333,0,BENIGN
3471,7671,1,ANOMALY
4168,8059,0,BENIGN
3970,1665,0,BENIGN
1307,7853,0,ANOMALY
2122,1553,0,BENIGN
2403,9519,0,BENIGN
497,8045,0,BENIGN
3400,8283,0,BENIGN
3607,1149,0,BENIGN
910,3853,0,BENIGN
373,3736,0,ANOMALY
4458,1956,0,BENIGN
1345,6180,0,BENIGN
324,9607,0,BENIGN
2432,3645,0,BENIGN
4671,4774,0,ANOMALY
4832,6013,0,BENIGN
2785,1084,0,BENIGN
2394,2935,0,BENIGN
3921,7749,0,ANOMALY
1216,2501,0,BENIGN
1696,7569,0,BENIGN
1908,3473,0,BENIGN
4815,1735,0,BENIGN
781,3838,1,BENIGN
1020,3562,0,BENIGN
3266,4906,0,BENIGN
1404,2272,0,BENIGN
1427,5836,1,ANOMALY
664,2862,0,BENIGN
2648,5226,0,BENIGN
11,1542,0,BENIGN
1039,7209,0,BENIGN
2826,3765,0,BENIGN
3004,8268,0,BENIGN
4681,1884,0,BENIGN
1076,4649,0,ANOMALY
3089,7890,0,BENIGN
1790,4571,0,BENIGN
3037,4933,1,BENIGN
4839,6856,0,BENIGN
3654,4666,0,BENIGN
3176,9566,0,BENIGN
4300,1557,0,ANOMALY
1077,7040,0,BENIGN
974,2128,0,BENIGN
1866,2360,0,BENIGN
3126,6420,0,BENIGN
1300,6349,0,BENIGN
3407,3625,0,BENIGN
1159,1057,0,BENIGN
3130,9503,0,BENIGN
105,6848,1,BENIGN
3568,3737,0,BENIGN
4349,6493,0,ANOMALY
4391,4877,0,BENIGN
1182,3282,0,BENIGN
4645,7786,0,BENIGN
3139,6508,0,BENIGN
4395,2431,0,BENIGN
3535,2775,0,BENIGN
4197,5207,0,BENIGN
3128,5385,0,BENIGN
1775,7351,0,BENIGN
3815,4974,0,BENIGN
4970,6905,0,BENIGN
92,5677,0,BENIGN
447,5465,0,ANOMALY
109,9411,0,BENIGN
4413,4302,0,BENIGN
3240,7945,0,BENIGN
4054,3302,0,BENIGN
4538,7285,0,BENIGN
1246,5966,0,BENIGN
2721,4726,0,BENIGN
278,3042,0,BENIGN
3057,9714,0,BENIGN
4665,3998,0,BENIGN
2923,8971,0,BENIGN
2514,1909,0,BENIGN
839,5133,0,BENIGN
2802,2880,0,BENIGN
30,3560,0,BENIGN
1258,8527,0,BENIGN
365,6696,0,BENIGN
1801,4072,1,BENIGN
905,5476,0,BENIGN
4794,5489,0,BENIGN
2179,5491,0,BENIGN
2851,9736,0,BENIGN
2837,7855,0,BENIGN
4447,8401,0,BENIGN
180,4097,0,BENIGN
3874,4505,1,BENIGN
3961,2084,1,ANOMALY
1187,1552,0,BENIGN
3960,6560,0,BENIGN
774,2153,0,BENIGN
4606,6473,1,BENIGN
4461,3245,0,BENIGN
353,2686,0,BENIGN
4508,6835,0,BENIGN
4831,1693,0,BENIGN
3029,8538,0,ANOMALY
118,9091,0,BENIGN
482,6835,0,BENIGN
4288,9689,1,BENIGN
2638,7794,0,BENIGN
107,9804,0,ANOMALY
4478,9567,0,BENIGN
4879,1805,0,BENIGN
244,1920,0,BENIGN
2633,4604,0,BENIGN
4564,2443,0,BENIGN
866,8048,0,BENIGN
2982,2545,0,BENIGN
1562,2210,0,BENIGN
604,7212,0,BENIGN
3063,5687,0,BENIGN
4019,6310,0,ANOMALY
2016,1913,0,BENIGN
1659,3780,0,BENIGN
3381,9581,0,BENIGN
3768,8732,0,BENIGN
3771,5987,0,BENIGN
1614,4625,0,BENIGN
4956,8326,0,BENIGN
1880,3570,0,BENIGN
4109,4737,0,BENIGN
2347,3779,0,BENIGN
1100,9530,0,BENIGN
1075,2976,0,BENIGN
787,1794,0,BENIGN
149,2722,0,BENIGN
1755,1898,0,BENIGN
2170,1102,0,BENIGN
3757,8453,0,BENIGN
1180,3032,0,BENIGN
3310,7172,0,BENIGN
2424,2534,0,BENIGN
4178,8197,0,BENIGN
4588,5570,0,BENIGN
925,7706,0,BENIGN
1604,1434,0,BENIGN
3053,9246,0,BENIGN
4219,9503,0,ANOMALY
4804,8256,0,BENIGN
2378,7461,0,BENIGN
3481,5083,0,BENIGN
3183,6996,0,BENIGN
2818,5852,0,BENIGN
3161,3512,0,BENIGN
4806,6528,0,BENIGN
4890,2263,0,BENIGN
712,6951,0,ANOMALY
2587,3747,0,BENIGN
2649,8280,0,BENIGN
1718,2093,0,ANOMALY
4353,4763,0,BENIGN
871,8351,0,BENIGN
3575,1232,0,BENIGN
4905,3101,0,BENIGN
271,3028,0,BENIGN
1544,7233,0,BENIGN
550,8926,0,BENIGN
4664,2929,0,BENIGN
4015,9599,0,BENIGN
4455,4340,0,BENIGN
1713,2977,1,BENIGN
3241,3413,0,BENIGN
1363,9026,0,BENIGN
4894,6418,0,BENIGN
1285,7025,0,ANOMALY
887,5937,0,BENIGN
2259,4597,0,BENIGN
4383,2378,0,BENIGN
1786,1620,1,BENIGN
4839,1929,0,BENIGN
3544,7544,0,BENIGN
296,8572,0,BENIGN
2054,6826,0,BENIGN
2598,1974,1,BENIGN
681,2689,0,BENIGN
4891,5671,0,BENIGN
4299,7920,1,BENIGN
325,7776,0,BENIGN
2292,9917,0,BENIGN
4423,9353,0,BENIGN
987,8784,0,BENIGN
3119,1658,0,BENIGN
761,3897,0,BENIGN
3694,6668,0,BENIGN
1037,7225,0,BENIGN
907,3542,0,BENIGN
365,4205,0,BENIGN
3414,5044,0,BENIGN
1070,4433,0,BENIGN
4370,7711,0,BENIGN
2256,8384,0,BENIGN
3687,1877,0,BENIGN
4220,2091,0,BENIGN
3082,4059,0,BENIGN
3259,8007,0,BENIGN
2108,6262,1,BENIGN
2934,8513,0,BENIGN
2830,2674,0,ANOMALY
442,3826,0,BENIGN
1560,4052,0,BENIGN
1742,1313,0,BENIGN
626,9921,0,BENIGN
3864,1383,0,BENIGN
1691,6884,0,ANOMALY
2782,2812,0,BENIGN
91,3324,0,BENIGN
3007,6248,0,BENIGN
4303,4429,0,BENIGN
1089,4291,0,BENIGN
4612,8173,0,BENIGN
1181,5846,0,BENIGN
1902,7767,0,BENIGN
4491,1227,0,BENIGN
187,7073,0,BENIGN
1598,6704,0,BENIGN
3409,9203,0,BENIGN
3748,8765,0,BENIGN
2671,2522,0,BENIGN
4826,1691,0,BENIGN
240,2739,0,BENIGN
2581,2525,0,BENIGN
4237,1069,0,BENIGN
139,7251,0,BENIGN
2507,4123,0,BENIGN
4166,5724,0,BENIGN
4481,8649,0,BENIGN
4726,2287,0,BENIGN
2246,9767,0,BENIGN
4301,5954,0,BENIGN
1750,1744,0,BENIGN
568,7275,0,BENIGN
4901,5576,0,BENIGN
882,6076,0,BENIGN
640,1941,0,BENIGN
3962,6050,0,BENIGN
4421,1767,0,BENIGN
4538,3438,0,BENIGN
4900,9819,0,BENIGN
2336,1376,0,BENIGN
4322,1089,0,ANOMALY
2986,7066,0,BENIGN
560,6575,0,BENIGN
714,3655,0,BENIGN
4594,2515,0,BENIGN
3989,4017,0,BENIGN
257,8811,0,BENIGN
577,8343,0,BENIGN
38,2573,0,BENIGN
2073,6597,0,BENIGN
4506,4926,0,BENIGN
461,4796,0,BENIGN
1441,9823,0,BENIGN
4479,2232,1,BENIGN
1833,3264,0,BENIGN
4665,3047,0,BENIGN
3400,1535,0,BENIGN
433,8884,0,BENIGN
4152,7881,0,BENIGN
1752,8378,0,BENIGN
2048,4097,0,BENIGN
4998,4073,1,BENIGN
2841,2025,0,BENIGN
257,3051,0,BENIGN
672,4621,0,BENIGN
490,5563,0,BENIGN
3715,9392,0,BENIGN
2097,5403,0,BENIGN
1683,4323,0,BENIGN
4412,4358,0,BENIGN
2461,7141,0,BENIGN
4530,6017,0,BENIGN
3913,7435,0,BENIGN
1976,8321,0,BENIGN
3217,3971,0,BENIGN
1390,9777,0,BENIGN
4516,4345,0,BENIGN
3857,6816,0,BENIGN
1585,5604,0,BENIGN
4940,4424,0,ANOMALY
2964,5100,0,BENIGN
4530,9551,0,BENIGN
977,4477,0,BENIGN
3365,8182,0,BENIGN
46,8440,0,BENIGN
1194,5658,0,BENIGN
3343,3812,0,BENIGN
4513,1044,0,BENIGN
4944,1633,0,BENIGN
247,7804,0,BENIGN
3220,3768,0,BENIGN
4326,9785,0,BENIGN
792,8875,0,BENIGN
637,2926,0,BENIGN
3776,1856,0,BENIGN
2422,6988,0,BENIGN
4834,9743,0,BENIGN
1089,8847,0,ANOMALY
4184,5138,0,BENIGN
3160,5274,0,BENIGN
713,1606,0,BENIGN
4697,9863,0,ANOMALY
3645,6022,0,BENIGN
3891,1016,0,BENIGN
2587,6734,0,BENIGN
4310,3873,0,BENIGN
2109,8765,0,BENIGN
4794,6149,0,BENIGN
3615,6311,0,BENIGN
1243,3484,0,BENIGN
2060,7322,0,BENIGN
3487,9807,0,BENIGN
4333,7777,0,BENIGN
3811,4205,0,ANOMALY
3901,5407,0,BENIGN
2606,4807,0,BENIGN
4743,9716,0,BENIGN
3035,4173,0,BENIGN
4569,2473,0,BENIGN
4208,4338,0,BENIGN
4052,5557,0,ANOMALY
3364,3412,0,BENIGN
4022,3151,0,BENIGN
1846,4182,0,BENIGN
383,9619,0,BENIGN
4113,9162,0,BENIGN
4589,5564,0,BENIGN
3811,2014,0,BENIGN
1897,2604,0,BENIGN
1510,1869,0,BENIGN
4213,7913,0,ANOMALY
1579,3727,0,BENIGN
880,3852,0,ANOMALY
2163,3608,0,BENIGN
1573,2273,0,BENIGN
1649,8649,0,BENIGN
4740,2955,1,BENIGN
1360,9778,1,BENIGN
4432,9392,0,BENIGN
2970,5549,0,ANOMALY
3961,9302,0,BENIGN
3812,9100,0,BENIGN
4243,3911,0,BENIGN
4218,6868,0,BENIGN
81,6663,0,BENIGN
2733,1554,0,BENIGN
2710,9298,0,BENIGN
2423,4336,0,BENIGN
3642,7369,0,ANOMALY
4600,3534,0,BENIGN
668,3226,0,BENIGN
2497,4293,0,BENIGN
3500,1166,0,BENIGN
3499,4624,0,BENIGN
1445,3347,0,BENIGN
1346,2404,1,BENIGN
1190,7178,0,BENIGN
459,3774,0,BENIGN
1213,9760,0,BENIGN
4560,4739,1,BENIGN
912,9018,0,BENIGN
1026,5464,0,BENIGN
2412,8741,0,BENIGN
72,8636,0,BENIGN
2686,9020,0,BENIGN
1194,8288,0,BENIGN
1849,5094,0,BENIGN
2385,3930,0,BENIGN
2023,1763,0,BENIGN
3742,4450,0,BENIGN
4749,4395,0,BENIGN
1299,4719,0,ANOMALY
4103,5801,0,ANOMALY
905,9412,0,BENIGN
3027,2861,0,BENIGN
2029,1109,0,BENIGN
4712,7549,0,BENIGN
2621,9890,0,BENIGN
2647,6529,0,BENIGN
4866,9299,0,BENIGN
2290,9580,1,ANOMALY
3873,9616,0,BENIGN
1486,3494,0,BENIGN
3152,8732,0,BENIGN
1441,6759,0,BENIGN
766,2527,0,BENIGN
4480,3026,0,BENIGN
2439,2855,0,BENIGN
4093,9638,0,BENIGN
4784,2597,0,BENIGN
1150,9401,0,ANOMALY
3566,1848,0,ANOMALY
4143,6958,0,BENIGN
1973,4529,0,BENIGN
2667,2918,0,BENIGN
464,9768,0,BENIGN
4219,6761,0,BENIGN
2182,1688,0,BENIGN
1643,9981,0,BENIGN
3889,7306,0,BENIGN
841,6072,0,BENIGN
2655,2355,0,BENIGN
4119,2687,0,BENIGN
566,9541,0,BENIGN
965,5350,0,BENIGN
2283,7501,0,BENIGN
996,7086,0,BENIGN
1188,5208,0,BENIGN
4922,7667,0,BENIGN
4312,1990,0,BENIGN
3255,6290,1,BENIGN
657,2376,0,BENIGN
2983,8247,0,BENIGN
1114,8202,0,BENIGN
4407,9755,0,BENIGN
557,7304,1,BENIGN
3020,3887,0,BENIGN
2305,7681,0,BENIGN
2581,8613,1,BENIGN
52,2340,0,BENIGN
1362,8972,0,BENIGN
1195,1094,0,BENIGN
4020,4296,0,BENIGN
3139,6898,0,BENIGN
1649,3692,0,ANOMALY
672,5161,0,BENIGN
778,9126,0,BENIGN
4928,4281,0,BENIGN
2280,2497,0,BENIGN
3023,8053,0,BENIGN
1861,7714,0,ANOMALY
3140,8657,0,BENIGN
1075,9003,0,BENIGN
1717,8691,0,BENIGN
1284,9106,0,ANOMALY
4687,1201,0,BENIGN
1987,2498,0,BENIGN
2634,4086,0,BENIGN
1002,3590,0,BENIGN
1047,8125,0,BENIGN
2177,8860,0,BENIGN
2339,6408,0,BENIGN
1856,2948,0,BENIGN
501,4963,0,BENIGN
2234,1693,0,BENIGN
4575,6363,0,BENIGN
2540,6887,0,BENIGN
4609,8734,0,BENIGN
3715,6717,0,BENIGN
2333,6293,0,BENIGN
601,5051,0,ANOMALY
4285,3291,0,BENIGN
989,3698,0,BENIGN
1882,2041,0,BENIGN
4484,2557,0,BENIGN
1755,2207,0,BENIGN
2465,4621,0,BENIGN
2224,4352,0,BENIGN
4483,8455,0,ANOMALY
1495,2678,0,ANOMALY
853,9972,0,BENIGN
452,7752,0,BENIGN
2325,1945,0,BENIGN
1759,4428,0,BENIGN
4309,8973,0,BENIGN
3354,8168,0,BENIGN
4137,9739,0,BENIGN
4696,3984,0,BENIGN
3339,3590,0,BENIGN
2589,2797,0,BENIGN
1783,6043,0,BENIGN
3521,3257,0,BENIGN
1780,3197,0,BENIGN
3133,9222,0,BENIGN
3574,9803,0,BENIGN
3219,5397,0,BENIGN
3758,3912,0,BENIGN
4017,9874,0,BENIGN
2838,9448,0,BENIGN
2382,7152,0,BENIGN
4240,8172,0,BENIGN
3937,3894,1,ANOMALY
4429,4185,0,BENIGN
1420,9968,0,BENIGN
4151,3732,0,BENIGN
1331,9923,0,BENIGN
2918,6324,0,ANOMALY
1447,8849,0,BENIGN
1441,9294,0,BENIGN
3745,2083,0,BENIGN
2845,6205,0,BENIGN
4176,5862,1,BENIGN
865,4070,0,BENIGN
472,9563,1,BENIGN
1503,9870,0,BENIGN
4685,1201,0,BENIGN
1411,1088,0,BENIGN
3771,7299,0,BENIGN
1906,9379,0,ANOMALY
4660,6171,0,BENIGN
4002,2554,0,BENIGN
3505,6599,0,BENIGN
3484,9421,0,BENIGN
4563,1054,0,BENIGN
599,5366,0,BENIGN
992,5031,0,BENIGN
1933,4140,0,BENIGN
2785,9078,0,BENIGN
3042,2552,0,BENIGN
67,8795,0,BENIGN
3399,6271,0,BENIGN
2751,1115,0,BENIGN
470,4613,0,BENIGN
1725,7372,0,BENIGN
3986,9551,0,BENIGN
1632,9219,1,BENIGN
775,4837,0,BENIGN
3013,4533,0,BENIGN
2504,6831,0,BENIGN
1487,6963,0,ANOMALY
4020,2294,0,BENIGN
4228,6970,0,BENIGN
930,8550,0,BENIGN
3013,3075,0,BENIGN
1506,8366,0,BENIGN
4730,6207,0,BENIGN
2945,6817,0,BENIGN
2820,2778,0,BENIGN
1185,1373,0,ANOMALY
289,8557,0,BENIGN
1812,2573,1,BENIGN
528,7026,0,BENIGN
917,5444,0,BENIGN
1709,1787,0,BENIGN
3575,2545,0,BENIGN
3320,9561,0,BENIGN
1407,5374,0,BENIGN
1242,6447,0,ANOMALY
3134,5055,0,BENIGN
799,1606,0,BENIGN
1524,3576,0,BENIGN
4108,7569,0,BENIGN
4929,5124,0,BENIGN
2889,6051,0,ANOMALY
2691,1322,0,ANOMALY
4092,1583,0,BENIGN
1242,6389,0,BENIGN
691,9847,1,BENIGN
528,5881,1,BENIGN
1496,9414,0,BENIGN
3826,3122,0,BENIGN
2894,8699,0,BENIGN
893,8796,0,BENIGN
387,3220,0,BENIGN
1250,6123,0,BENIGN
2529,4550,0,BENIGN
4504,6779,0,BENIGN
3529,5928,0,BENIGN
898,1166,0,BENIGN
711,7443,0,BENIGN
3696,9309,0,BENIGN
2687,7655,0,BENIGN
4513,8342,0,BENIGN
416,3206,0,BENIGN
1472,2250,0,BENIGN
4181,5006,1,ANOMALY
4263,5558,0,BENIGN
2432,3151,0,ANOMALY
2516,6077,0,BENIGN
1096,3297,0,BENIGN
810,3614,1,ANOMALY
3045,2879,0,BENIGN
993,9788,0,BENIGN
1282,1620,0,BENIGN
4371,7698,0,BENIGN
1774,6507,0,BENIGN
3562,9262,0,ANOMALY
3817,2803,0,BENIGN
1757,8116,0,BENIGN
2374,5533,0,BENIGN
2577,2925,0,BENIGN
892,2037,0,BENIGN
4185,4183,0,BENIGN
708,9676,1,BENIGN
2398,5264,0,BENIGN
4483,5898,0,ANOMALY
2135,9437,0,BENIGN
2355,7121,0,BENIGN
4536,6789,0,BENIGN
977,4371,1,BENIGN
735,2350,0,BENIGN
2469,9721,0,BENIGN
2541,6714,0,ANOMALY
633,4814,0,BENIGN
4269,8147,0,BENIGN
4100,7485,0,BENIGN
2902,4625,0,BENIGN
1664,9951,0,BENIGN
2016,9117,0,BENIGN
3182,9989,0,ANOMALY
4064,1531,0,BENIGN
2631,5137,0,BENIGN
3873,1598,0,BENIGN
1055,8428,0,ANOMALY
381,9497,0,BENIGN
3083,5904,0,BENIGN
2392,3909,0,BENIGN
1593,1678,0,BENIGN
4262,4384,0,BENIGN
2748,9922,0,BENIGN
2390,3025,0,BENIGN
3554,5228,0,BENIGN
3028,3766,0,BENIGN
1208,3098,0,BENIGN
3854,7761,0,BENIGN
545,1391,0,BENIGN
3082,4784,0,ANOMALY
3664,7666,0,BENIGN
2240,4837,0,BENIGN
2368,2685,0,BENIGN
3774,7497,1,BENIGN
2628,3914,0,BENIGN
3932,8116,0,BENIGN
2475,4726,0,BENIGN
3131,5951,0,BENIGN
3508,7058,0,BENIGN
97,8655,0,BENIGN
3859,5610,0,BENIGN
2709,8821,0,BENIGN
3337,2084,0,BENIGN
457,8583,0,BENIGN
4369,2317,0,BENIGN
2988,7880,0,BENIGN
4089,3349,0,BENIGN
3885,8337,0,BENIGN
1032,3693,0,ANOMALY
208,8208,0,BENIGN
1938,7881,0,BENIGN
1147,4722,0,BENIGN
4300,4693,0,BENIGN
2565,5392,0,BENIGN
443,8224,0,BENIGN
4785,8802,0,BENIGN
833,6717,0,BENIGN
1462,4134,0,BENIGN
3517,3598,0,BENIGN
1160,5052,0,BENIGN
387,4824,0,BENIGN
2042,4520,0,BENIGN
2554,2249,0,ANOMALY
1719,7586,0,BENIGN
4776,8843,0,BENIGN
4051,3074,0,BENIGN
3410,3504,0,BENIGN
690,3014,0,BENIGN
1170,5944,0,BENIGN
4989,1948,0,BENIGN
953,1106,0,BENIGN
4880,5692,0,BENIGN
4591,9346,0,BENIGN
3497,4240,0,BENIGN
3918,9987,0,ANOMALY
4843,6303,0,BENIGN
2485,2634,0,BENIGN
1855,2532,0,BENIGN
3440,8608,0,BENIGN
3232,2440,0,ANOMALY
2598,4646,0,BENIGN
3984,6599,0,BENIGN
2192,2615,0,BENIGN
2636,8994,0,BENIGN
657,7296,0,BENIGN
3813,3598,0,BENIGN
3341,4530,0,BENIGN
3912,8590,0,BENIGN
1797,3327,0,BENIGN
4364,7565,0,BENIGN
1763,8767,1,BENIGN
4473,2976,0,BENIGN
3286,2835,0,BENIGN
1586,5899,0,BENIGN
3564,1354,0,BENIGN
2441,5473,0,BENIGN
4585,4195,0,BENIGN
4818,9345,0,BENIGN
3101,1906,0,ANOMALY
3245,8198,0,BENIGN
1041,2620,0,BENIGN
3128,5418,0,BENIGN
2274,9523,0,BENIGN
3630,5338,0,BENIGN
2115,1429,0,BENIGN
1678,6301,0,BENIGN
3095,3423,0,BENIGN
999,9272,0,BENIGN
2285,2573,0,BENIGN
1590,9035,0,BENIGN
1162,1419,0,BENIGN
2521,1466,0,BENIGN
3856,6176,0,BENIGN
4649,4393,0,BENIGN
695,8433,0,BENIGN
4413,8394,0,BENIGN
4864,3035,0,BENIGN
3799,9995,0,BENIGN
3684,2632,1,BENIGN
1972,2984,0,BENIGN
1504,8121,0,BENIGN
3250,1003,0,BENIGN
4219,8477,0,BENIGN
3243,6998,0,BENIGN
1869,1602,0,BENIGN
1672,8256,0,BENIGN
1083,9692,0,BENIGN
1729,7714,0,ANOMALY
3852,9376,0,BENIGN
2143,4251,0,BENIGN
1149,4147,0,BENIGN
254,9144,0,ANOMALY
4103,1054,0,BENIGN
3543,3910,0,BENIGN
2776,2870,0,BENIGN
4638,4348,0,BENIGN
3334,2601,0,BENIGN
4185,6767,0,ANOMALY
3280,6830,0,BENIGN
4309,9120,0,BENIGN
2882,8043,0,BENIGN
266,3090,0,ANOMALY
2341,6480,0,BENIGN
3149,7370,0,BENIGN
3360,6182,0,BENIGN
1005,1170,0,BENIGN
2095,3809,0,BENIGN
4718,7993,0,BENIGN
3272,8929,0,ANOMALY
4523,7711,0,BENIGN
210,4991,0,BENIGN
888,8135,1,BENIGN
154,1826,0,BENIGN
3594,1129,0,BENIGN
415,2417,0,ANOMALY
3425,7798,0,BENIGN
1285,7773,0,BENIGN
3149,2407,0,BENIGN
769,6136,1,BENIGN
983,9785,0,ANOMALY
3203,2037,0,ANOMALY
4675,8546,0,BENIGN
3527,6903,0,ANOMALY
2788,1022,0,BENIGN
2211,7287,0,BENIGN
1039,2405,0,BENIGN
3933,7467,0,BENIGN
542,2194,0,BENIGN
359,9767,0,BENIGN
850,8923,0,BENIGN
4523,2606,0,BENIGN
2545,9643,0,ANOMALY
4582,9316,0,BENIGN
1832,7250,0,BENIGN
1473,2683,0,ANOMALY
1437,9621,0,ANOMALY
330,3751,1,BENIGN
4355,8504,0,BENIGN
4239,8663,0,ANOMALY
4009,9553,0,BENIGN
4723,9623,0,BENIGN
1389,3722,0,BENIGN
4186,6639,0,BENIGN
720,4223,0,BENIGN
3236,6441,0,BENIGN
4577,8381,0,BENIGN
2132,6184,0,BENIGN
1101,1269,0,BENIGN
673,8704,1,BENIGN
517,7115,0,BENIGN
2533,8298,1,ANOMALY
3671,5533,0,BENIGN
782,2042,0,BENIGN
3524,2641,0,BENIGN
3559,7603,0,BENIGN
2387,4297,0,BENIGN
4783,8055,0,BENIGN
1590,2383,0,BENIGN
4996,4996,0,ANOMALY
1502,1014,0,BENIGN
3795,2674,0,ANOMALY
4319,6099,0,BENIGN
3081,4617,1,BENIGN
1077,9099,0,BENIGN
1101,7557,0,BENIGN
503,6474,0,ANOMALY
1340,2480,0,BENIGN
3886,8698,0,BENIGN
624,4046,0,BENIGN
1887,8363,0,ANOMALY
3351,6957,0,BENIGN
1051,5210,0,BENIGN
3773,6471,0,BENIGN
3917,1975,0,BENIGN
4019,2685,0,BENIGN
1330,3083,0,BENIGN
4115,2686,0,BENIGN
3368,5158,0,BENIGN
3952,7809,0,BENIGN
2498,9700,0,BENIGN
1574,1187,0,BENIGN
2635,3782,0,ANOMALY
2769,5188,0,BENIGN
1212,5100,0,BENIGN
776,3072,0,BENIGN
1161,7651,0,BENIGN
2384,1097,0,BENIGN
2655,7805,0,BENIGN
3541,4464,0,BENIGN
4698,2787,0,BENIGN
4636,8763,0,BENIGN
1096,6404,0,BENIGN
24,1683,0,BENIGN
4720,2132,0,BENIGN
3557,6877,0,BENIGN
1080,7198,0,BENIGN
4319,4836,0,BENIGN
179,2041,0,ANOMALY
2848,6889,0,BENIGN
1961,1854,0,BENIGN
1474,6738,0,BENIGN
4889,3026,0,BENIGN
4980,6365,0,BENIGN
1213,3550,0,BENIGN
810,8089,0,BENIGN
420,1239,1,BENIGN
3660,1489,0,ANOMALY
3817,2036,0,BENIGN
1279,7132,0,BENIGN
2524,5780,0,BENIGN
1441,8909,0,BENIGN
1341,4269,0,BENIGN
2222,7122,1,BENIGN
2393,6710,0,BENIGN
1362,2767,0,ANOMALY
592,5708,0,BENIGN
527,9353,0,BENIGN
2504,9847,0,ANOMALY
1293,4006,0,BENIGN
1655,2256,0,BENIGN
4907,8077,0,BENIGN
188,6351,0,BENIGN
2759,1749,0,BENIGN
529,1708,1,BENIGN
434,7416,0,BENIGN
3513,7950,0,BENIGN
1805,9657,0,ANOMALY
303,2713,0,BENIGN
4183,8936,0,BENIGN
438,9308,0,BENIGN
2589,1195,0,BENIGN
833,5714,0,BENIGN
797,2274,0,BENIGN
560,4709,0,ANOMALY
3589,1338,0,BENIGN
762,7761,0,BENIGN
3575,4511,0,BENIGN
3786,5275,0,BENIGN
2515,2656,0,BENIGN
685,7762,0,ANOMALY
4234,9834,0,BENIGN
578,6273,0,BENIGN
4806,9810,0,BENIGN
228,2169,0,BENIGN
2329,9443,0,BENIGN
2732,9173,0,BENIGN
828,1301,0,BENIGN
431,2566,0,ANOMALY
1064,8816,0,BENIGN
1710,3210,0,BENIGN
1235,8230,0,BENIGN
302,9803,0,BENIGN
1421,7588,0,BENIGN
4629,2943,0,BENIGN
769,9265,0,ANOMALY
1405,5637,0,BENIGN
444,9348,0,BENIGN
3105,6385,0,ANOMALY
4356,1255,0,BENIGN
3306,4110,0,ANOMALY
1539,6032,0,BENIGN
3931,7261,0,BENIGN
1332,3417,0,BENIGN
70,3256,0,ANOMALY
3436,3634,0,BENIGN
481,2891,0,BENIGN
4095,4464,0,BENIGN
3497,8426,0,BENIGN
2794,2970,0,BENIGN
2893,4953,0,BENIGN
1199,6818,0,BENIGN
2373,7771,0,BENIGN
1893,7748,0,BENIGN
1884,6003,0,BENIGN
798,1648,1,BENIGN
18,9720,0,BENIGN
44,3101,0,BENIGN
155,1418,0,BENIGN
4963,3352,1,BENIGN
3449,6775,0,BENIGN
4839,9276,0,BENIGN
4081,8691,1,BENIGN
1426,2751,0,ANOMALY
4321,3657,0,BENIGN
4313,7123,0,BENIGN
3640,6524,0,BENIGN
4127,3351,0,BENIGN
1893,9071,0,BENIGN
898,2289,0,BENIGN
3425,3702,0,BENIGN
4541,9835,0,ANOMALY
1259,3905,0,BENIGN
2016,5669,0,BENIGN
4834,3922,0,BENIGN
1703,7654,0,BENIGN
874,3021,0,BENIGN
566,4624,0,BENIGN
2019,7344,0,BENIGN
1886,8778,0,BENIGN
2124,1136,0,BENIGN
4643,5225,0,BENIGN
2315,4140,0,BENIGN
4413,3587,0,BENIGN
3884,7669,0,BENIGN
3193,3605,1,BENIGN
1860,6004,0,BENIGN
25,9400,0,BENIGN
3504,8504,1,BENIGN
4256,4810,0,BENIGN
1138,7080,0,BENIGN
4996,8408,0,BENIGN
1190,5153,0,BENIGN
4799,4376,0,BENIGN
4097,2368,0,BENIGN
3158,8809,0,BENIGN
2368,4800,0,BENIGN
4478,2037,0,BENIGN
1742,1992,0,BENIGN
3689,8312,0,BENIGN
3747,5510,0,BENIGN
898,1393,0,BENIGN
4024,9005,0,BENIGN
717,4686,0,BENIGN
3968,1357,0,BENIGN
4022,5004,0,BENIGN
3216,2181,0,BENIGN
391,7817,0,ANOMALY
3885,3065,0,BENIGN
1700,7871,0,BENIGN
3038,4129,0,BENIGN
233,1154,0,BENIGN
1927,9678,0,BENIGN
3132,7294,0,BENIGN
3307,3415,0,BENIGN
2725,2070,0,BENIGN
4802,3254,0,BENIGN
234,9042,0,BENIGN
1392,8807,0,ANOMALY
2893,7840,0,BENIGN
1256,7713,0,BENIGN
2539,3190,0,ANOMALY
3691,8264,0,BENIGN
890,9382,0,BENIGN
4688,9331,0,BENIGN
746,8398,0,BENIGN
1720,3972,0,BENIGN
428,2514,0,BENIGN
732,4970,0,BENIGN
800,5719,0,BENIGN
4298,2345,0,BENIGN
836,2917,0,BENIGN
135,8641,0,BENIGN
2539,9644,0,ANOMALY
3719,2611,0,BENIGN
41,3078,0,BENIGN
3368,3064,0,BENIGN
2416,8379,0,BENIGN
2041,6779,0,BENIGN
4340,8150,0,BENIGN
2950,1353,0,BENIGN
4262,6718,0,BENIGN
3467,4636,0,BENIGN
3089,7044,0,BENIGN
4824,1711,0,BENIGN
1116,5272,0,BENIGN
4579,2429,0,BENIGN
2591,7444,0,BENIGN
3574,4420,0,BENIGN
2979,3068,0,BENIGN
2448,8159,0,BENIGN
1231,5806,0,BENIGN
2667,7844,0,BENIGN
4976,9343,0,BENIGN
4926,4231,0,BENIGN
4855,3906,0,BENIGN
4259,4551,0,BENIGN
2595,5191,0,BENIGN
3431,4423,0,BENIGN
2918,5057,0,ANOMALY
2953,6194,0,BENIGN
1996,4665,0,BENIGN
3892,5735,0,BENIGN
307,7389,0,BENIGN
1363,8882,0,BENIGN
2103,6289,0,BENIGN
3031,8798,0,BENIGN
333,4408,0,BENIGN
2753,2161,0,ANOMALY
243,2259,0,BENIGN
1885,5090,0,ANOMALY
1433,6690,0,BENIGN
2551,3981,0,BENIGN
303,9065,0,BENIGN
4331,4554,0,BENIGN
3110,3389,0,BENIGN
2187,9158,0,BENIGN
4291,2014,0,BENIGN
1551,6729,0,BENIGN
1793,4713,0,BENIGN
647,2492,0,BENIGN
4657,8585,0,BENIGN
713,5122,0,BENIGN
4509,1454,0,BENIGN
538,1917,0,ANOMALY
235,7723,0,BENIGN
2397,9205,0,BENIGN
1505,7241,0,BENIGN
1375,5374,0,BENIGN
4512,7059,0,BENIGN
1910,1489,0,BENIGN
916,1984,0,BENIGN
3959,1960,0,BENIGN
81,9050,0,BENIGN
2084,2782,0,BENIGN
2689,6983,0,BENIGN
1691,2869,0,BENIGN
757,3644,0,BENIGN
2671,7838,0,BENIGN
3752,5345,0,BENIGN
3553,6702,0,BENIGN
468,9075,0,BENIGN
1495,8630,0,BENIGN
1020,6902,0,BENIGN
902,7032,0,BENIGN
673,2825,0,BENIGN
439,4110,0,ANOMALY
4223,4770,0,BENIGN
2077,1029,0,BENIGN
445,9958,0,ANOMALY
966,9806,0,BENIGN
3791,3121,0,BENIGN
464,4009,0,ANOMALY
2199,4819,0,BENIGN
2288,8739,0,BENIGN
3766,9215,0,BENIGN
3177,5059,0,BENIGN
4009,3910,1,BENIGN
3505,2970,0,BENIGN
913,7655,0,BENIGN
497,5767,0,BENIGN
1464,9762,0,BENIGN
4254,2242,0,BENIGN
4268,1712,0,BENIGN
494,3866,0,BENIGN
1427,7153,0,BENIGN
1693,6587,0,BENIGN
1794,9827,0,BENIGN
2724,8713,0,BENIGN
659,7861,0,BENIGN
4762,2297,0,BENIGN
4463,1357,0,BENIGN
550,6102,0,BENIGN
643,1240,0,BENIGN
4351,7854,1,BENIGN
208,2826,0,BENIGN
2498,9115,0,ANOMALY
4191,4558,0,ANOMALY
1884,4860,0,BENIGN
2887,5447,0,ANOMALY
478,5139,0,BENIGN
762,1137,0,BENIGN
190,4734,0,BENIGN
756,2967,0,BENIGN
1447,7579,0,BENIGN
4932,5849,0,BENIGN
1664,9334,0,BENIGN
1836,8167,0,BENIGN
4229,6942,0,BENIGN
4151,8466,0,BENIGN
4061,7405,0,BENIGN
4606,6515,0,BENIGN
4766,9051,0,BENIGN
3613,3019,0,BENIGN
1690,7174,0,BENIGN
1317,8092,0,BENIGN
4830,3849,0,BENIGN
3187,2192,0,BENIGN
4021,3355,0,BENIGN
4355,3506,0,BENIGN
1146,1333,0,BENIGN
4395,3562,0,BENIGN
561,2795,0,BENIGN
1913,1253,0,BENIGN
1865,4657,0,BENIGN
297,8502,0,BENIGN
2410,4237,0,BENIGN
2637,4331,0,ANOMALY
1462,2027,0,BENIGN
4293,3166,0,BENIGN
2269,1469,0,BENIGN
995,8660,0,BENIGN
8,8905,0,BENIGN
2592,6983,0,ANOMALY
2516,2093,1,BENIGN
4416,5789,0,BENIGN
1418,3912,0,BENIGN
2317,6489,0,BENIGN
3933,1180,0,BENIGN
1288,5142,0,BENIGN
2845,4623,0,BENIGN
1119,5729,0,BENIGN
553,6259,1,BENIGN
661,9029,0,ANOMALY
716,5684,0,BENIGN
3586,8854,1,BENIGN
3762,4632,0,BENIGN
2530,6973,0,BENIGN
3971,7417,0,BENIGN
3408,2562,0,BENIGN
1459,2413,0,BENIGN
3268,7504,0,BENIGN
855,2017,0,BENIGN
4761,4654,0,BENIGN
3538,7842,0,ANOMALY
1898,9949,0,BENIGN
273,7098,1,BENIGN
4088,9812,0,BENIGN
1273,4584,0,BENIGN
4375,1181,0,BENIGN
4020,7829,0,BENIGN
816,3667,0,BENIGN
4372,7173,0,BENIGN
923,6421,0,BENIGN
4738,3364,0,ANOMALY
4601,6516,0,BENIGN
4868,4305,0,ANOMALY
1265,3215,0,BENIGN
3725,1125,0,BENIGN
2788,3620,0,BENIGN
2723,5215,0,BENIGN
4224,2451,0,BENIGN
2551,6547,0,BENIGN
2950,7703,0,BENIGN
1674,8369,0,BENIGN
4588,4130,0,BENIGN
3093,1696,0,BENIGN
2839,3270,0,BENIGN
1667,9501,0,BENIGN
4512,4411,0,BENIGN
2196,4718,0,BENIGN
1385,7717,0,BENIGN
4404,5920,0,BENIGN
3955,3044,0,BENIGN
2900,2116,0,BENIGN
61,2156,0,BENIGN
3948,1988,0,BENIGN
2291,6587,0,BENIGN
473,2828,0,BENIGN
959,8872,0,BENIGN
533,7088,0,BENIGN
494,3345,0,BENIGN
82,4005,0,BENIGN
4975,5435,0,BENIGN
2971,7628,0,BENIGN
12,1076,0,BENIGN
4545,6752,0,BENIGN
762,3562,1,BENIGN
3186,2572,0,BENIGN
26,8087,0,ANOMALY
1807,6970,0,BENIGN
4158,8952,0,BENIGN
4325,7609,0,BENIGN
4703,9056,0,ANOMALY
3660,4111,0,BENIGN
1526,3737,0,BENIGN
761,6404,0,BENIGN
595,5649,0,BENIGN
1056,4868,0,BENIGN
1855,4137,0,BENIGN
3084,8824,0,BENIGN
3917,7136,0,BENIGN
3676,8799,0,ANOMALY
2049,4486,0,BENIGN
1459,2002,0,BENIGN
1220,9614,0,BENIGN
4229,9763,0,BENIGN
4182,8906,0,BENIGN
1500,6359,0,BENIGN
1831,5530,0,BENIGN
3396,2633,0,BENIGN
1204,7669,0,BENIGN
4271,2753,0,BENIGN
2811,9659,0,BENIGN
3093,7353,0,BENIGN
3045,9264,0,BENIGN
4674,1146,0,ANOMALY
3515,8507,0,BENIGN
1799,1316,1,BENIGN
2576,9797,1,BENIGN
145,9766,0,BENIGN
4858,2177,0,BENIGN
3927,4422,0,ANOMALY
1378,3594,0,ANOMALY
3147,9503,0,BENIGN
1826,1764,0,BENIGN
794,8836,0,BENIGN
1602,7277,0,BENIGN
4415,1435,0,BENIGN
1111,4351,0,BENIGN
4054,3930,0,BENIGN
4794,1134,0,BENIGN
3938,5618,0,BENIGN
3964,9995,0,BENIGN
4943,3366,0,BENIGN
783,4415,0,BENIGN
1117,2006,0,BENIGN
1751,8908,0,BENIGN
2577,5691,0,BENIGN
4028,8669,0,BENIGN
3337,8829,0,BENIGN
4388,2896,0,BENIGN
1488,4065,0,BENIGN
3876,3748,0,BENIGN
3632,7692,0,BENIGN
4193,3661,0,ANOMALY
3959,3978,0,BENIGN
3398,7949,0,BENIGN
74,7375,0,BENIGN
1360,7459,0,BENIGN
1092,7107,0,BENIGN
4854,7501,0,BENIGN
1942,3661,0,BENIGN
3149,7165,1,BENIGN
4304,9210,0,BENIGN
1245,4358,0,BENIGN
1286,1275,0,BENIGN
4506,5078,0,BENIGN
3037,5754,0,BENIGN
771,5698,0,BENIGN
1844,1364,0,BENIGN
74,1794,0,BENIGN
1661,7795,0,BENIGN
4350,6870,0,BENIGN
820,1589,0,BENIGN
3819,5294,1,BENIGN
332,5313,0,BENIGN
1422,9932,0,BENIGN
3656,5745,0,BENIGN
4932,8377,0,BENIGN
1692,9861,0,BENIGN
4551,2437,0,BENIGN
4409,5033,1,BENIGN
228,2893,0,ANOMALY
